locale	width	mon	tue	wed	thu	fri	sat	sun
ar	wide	الاثنين	الثلاثاء	الأربعاء	الخميس	الجمعة	السبت	الأحد
ar	abbreviated	الاثنين	الثلاثاء	الأربعاء	الخميس	الجمعة	السبت	الأحد
bg	wide	понеделник	вторник	сряда	четвъртък	петък	събота	неделя
bg	abbreviated	пн	вт	ср	чт	пт	сб	нд
cs	wide	pondělí	úterý	středa	čtvrtek	pátek	sobota	neděle
cs	abbreviated	po	út	st	čt	pá	so	ne
da	wide	mandag	tirsdag	onsdag	torsdag	fredag	lørdag	søndag
da	abbreviated	man.	tirs.	ons.	tors.	fre.	lør.	søn.
de	wide	Montag	Dienstag	Mittwoch	Donnerstag	Freitag	Samstag	Sonntag
de	abbreviated	Mo.	Di.	Mi.	Do.	Fr.	Sa.	So.
de-AT	wide	Montag	Dienstag	Mittwoch	Donnerstag	Freitag	Samstag	Sonntag
de-AT	abbreviated	Mo.	Di.	Mi.	Do.	Fr.	Sa.	So.
de-CH	wide	Montag	Dienstag	Mittwoch	Donnerstag	Freitag	Samstag	Sonntag
de-CH	abbreviated	Mo.	Di.	Mi.	Do.	Fr.	Sa.	So.
el	wide	Δευτέρα	Τρίτη	Τετάρτη	Πέμπτη	Παρασκευή	Σάββατο	Κυριακή
el	abbreviated	Δευ	Τρί	Τετ	Πέμ	Παρ	Σάβ	Κυρ
en	wide	Monday	Tuesday	Wednesday	Thursday	Friday	Saturday	Sunday
en	abbreviated	Mon	Tue	Wed	Thu	Fri	Sat	Sun
en-AU	wide	Monday	Tuesday	Wednesday	Thursday	Friday	Saturday	Sunday
en-AU	abbreviated	Mon	Tue	Wed	Thu	Fri	Sat	Sun
en-CA	wide	Monday	Tuesday	Wednesday	Thursday	Friday	Saturday	Sunday
en-CA	abbreviated	Mon	Tue	Wed	Thu	Fri	Sat	Sun
en-GB	wide	Monday	Tuesday	Wednesday	Thursday	Friday	Saturday	Sunday
en-GB	abbreviated	Mon	Tue	Wed	Thu	Fri	Sat	Sun
en-IE	wide	Monday	Tuesday	Wednesday	Thursday	Friday	Saturday	Sunday
en-IE	abbreviated	Mon	Tue	Wed	Thu	Fri	Sat	Sun
en-NZ	wide	Monday	Tuesday	Wednesday	Thursday	Friday	Saturday	Sunday
en-NZ	abbreviated	Mon	Tue	Wed	Thu	Fri	Sat	Sun
en-ZA	wide	Monday	Tuesday	Wednesday	Thursday	Friday	Saturday	Sunday
en-ZA	abbreviated	Mon	Tue	Wed	Thu	Fri	Sat	Sun
es	wide	lunes	martes	miércoles	jueves	viernes	sábado	domingo
es	abbreviated	lun	mar	mié	jue	vie	sáb	dom
es-AR	wide	lunes	martes	miércoles	jueves	viernes	sábado	domingo
es-AR	abbreviated	lun	mar	mié	jue	vie	sáb	dom
es-CO	wide	lunes	martes	miércoles	jueves	viernes	sábado	domingo
es-CO	abbreviated	lun	mar	mié	jue	vie	sáb	dom
es-MX	wide	lunes	martes	miércoles	jueves	viernes	sábado	domingo
es-MX	abbreviated	lun	mar	mié	jue	vie	sáb	dom
et	wide	esmaspäev	teisipäev	kolmapäev	neljapäev	reede	laupäev	pühapäev
et	abbreviated	E	T	K	N	R	L	P
fi	wide	maanantaina	tiistaina	keskiviikkona	torstaina	perjantaina	lauantaina	sunnuntai
fi	abbreviated	ma	ti	ke	to	pe	la	su
fr	wide	lundi	mardi	mercredi	jeudi	vendredi	samedi	dimanche
fr	abbreviated	lun.	mar.	mer.	jeu.	ven.	sam.	dim.
fr-BE	wide	lundi	mardi	mercredi	jeudi	vendredi	samedi	dimanche
fr-BE	abbreviated	lun.	mar.	mer.	jeu.	ven.	sam.	dim.
fr-CA	wide	lundi	mardi	mercredi	jeudi	vendredi	samedi	dimanche
fr-CA	abbreviated	lun.	mar.	mer.	jeu.	ven.	sam.	dim.
fr-CH	wide	lundi	mardi	mercredi	jeudi	vendredi	samedi	dimanche
fr-CH	abbreviated	lun.	mar.	mer.	jeu.	ven.	sam.	dim.
hr	wide	ponedjeljak	utorak	srijeda	četvrtak	petak	subota	nedjelja
hr	abbreviated	pon	uto	sri	čet	pet	sub	ned
hu	wide	hétfő	kedd	szerda	csütörtök	péntek	szombat	vasárnap
hu	abbreviated	H	K	Sze	Cs	P	Szo	V
it	wide	lunedì	martedì	mercoledì	giovedì	venerdì	sabato	domenica
it	abbreviated	lun	mar	mer	gio	ven	sab	dom
it-CH	wide	lunedì	martedì	mercoledì	giovedì	venerdì	sabato	domenica
it-CH	abbreviated	lun	mar	mer	gio	ven	sab	dom
lt	wide	pirmadienis	antradienis	trečiadienis	ketvirtadienis	penktadienis	šeštadienis	sekmadienis
lt	abbreviated	pr	an	tr	kt	pn	št	sk
lv	wide	pirmdiena	otrdiena	trešdiena	ceturtdiena	piektdiena	sestdiena	svētdiena
lv	abbreviated	pirmd.	otrd.	trešd.	ceturtd.	piektd.	sestd.	svētd.
nb	wide	mandag	tirsdag	onsdag	torsdag	fredag	lørdag	søndag
nb	abbreviated	man.	tir.	ons.	tor.	fre.	lør.	søn.
nl	wide	maandag	dinsdag	woensdag	donderdag	vrijdag	zaterdag	zondag
nl	abbreviated	ma	di	wo	do	vr	za	zo
nl-BE	wide	maandag	dinsdag	woensdag	donderdag	vrijdag	zaterdag	zondag
nl-BE	abbreviated	ma	di	wo	do	vr	za	zo
nn	wide	måndag	tysdag	onsdag	torsdag	fredag	laurdag	søndag
nn	abbreviated	må.	ty.	on.	to.	fr.	la.	sø.
pl	wide	poniedziałek	wtorek	środa	czwartek	piątek	sobota	niedziela
pl	abbreviated	pon.	wt.	śr.	czw.	pt.	sob.	niedz.
pt	wide	segunda-feira	terça-feira	quarta-feira	quinta-feira	sexta-feira	sábado	domingo
pt	abbreviated	seg.	ter.	qua.	qui.	sex.	sáb.	dom.
ro	wide	luni	marți	miercuri	joi	vineri	sâmbătă	duminică
ro	abbreviated	lun.	mar.	mie.	joi	vin.	sâm.	dum.
ru	wide	понедельник	вторник	среда	четверг	пятница	суббота	воскресенье
ru	abbreviated	пн	вт	ср	чт	пт	сб	вс
sk	wide	pondelok	utorok	streda	štvrtok	piatok	sobota	nedeľa
sk	abbreviated	po	ut	st	št	pi	so	ne
sl	wide	ponedeljek	torek	sreda	četrtek	petek	sobota	nedelja
sl	abbreviated	pon.	tor.	sre.	čet.	pet.	sob.	ned.
sr-Latn	wide	ponedeljak	utorak	sreda	četvrtak	petak	subota	nedelja
sr-Latn	abbreviated	pon	uto	sre	čet	pet	sub	ned
sv	wide	måndag	tisdag	onsdag	torsdag	fredag	lördag	söndag
sv	abbreviated	mån	tis	ons	tors	fre	lör	sön
tr	wide	Pazartesi	Salı	Çarşamba	Perşembe	Cuma	Cumartesi	Pazar
tr	abbreviated	Pzt	Sal	Çar	Per	Cum	Cmt	Paz
uk	wide	понеділок	вівторок	середа	четвер	пʼятниця	субота	неділя
uk	abbreviated	пн	вт	ср	чт	пт	сб	нд
aa	wide	Mon	Tue	Wed	Thu	Fri	Sat	Sun
aa	abbreviated	Mon	Tue	Wed	Thu	Fri	Sat	Sun
aa-DJ	wide	Mon	Tue	Wed	Thu	Fri	Sat	Sun
aa-DJ	abbreviated	Mon	Tue	Wed	Thu	Fri	Sat	Sun
aa-ER	wide	Mon	Tue	Wed	Thu	Fri	Sat	Sun
aa-ER	abbreviated	Mon	Tue	Wed	Thu	Fri	Sat	Sun
ab	wide	Mon	Tue	Wed	Thu	Fri	Sat	Sun
ab	abbreviated	Mon	Tue	Wed	Thu	Fri	Sat	Sun
af	wide	Maandag	Dinsdag	Woensdag	Donderdag	Vrydag	Saterdag	Sondag
af	abbreviated	Ma.	Di.	Wo.	Do.	Vr.	Sa.	So.
af-NA	wide	Maandag	Dinsdag	Woensdag	Donderdag	Vrydag	Saterdag	Sondag
af-NA	abbreviated	Ma.	Di.	Wo.	Do.	Vr.	Sa.	So.
agq	wide	tsuʔukpà	tsuʔughɔe	tsuʔutɔ̀mlò	tsuʔumè	tsuʔughɨ̂m	tsuʔndzɨkɔʔɔ	tsuʔntsɨ
agq	abbreviated	kpa	ghɔ	tɔm	ume	ghɨ	dzk	nts
ak	wide	Dwoada	Benada	Wukuada	Yawoada	Fiada	Memeneda	Kwasiada
ak	abbreviated	Dwo	Ben	Wuk	Yaw	Fia	Mem	Kwe
am	wide	ሰኞ	ማክሰኞ	ረቡዕ	ሐሙስ	ዓርብ	ቅዳሜ	እሑድ
am	abbreviated	ሰኞ	ማክሰ	ረቡዕ	ሐሙስ	ዓርብ	ቅዳሜ	እሑድ
an	wide	Mon	Tue	Wed	Thu	Fri	Sat	Sun
an	abbreviated	Mon	Tue	Wed	Thu	Fri	Sat	Sun
ann	wide	Mon	Tue	Wed	Thu	Fri	Sat	Sun
ann	abbreviated	Mon	Tue	Wed	Thu	Fri	Sat	Sun
apc	wide	Mon	Tue	Wed	Thu	Fri	Sat	Sun
apc	abbreviated	Mon	Tue	Wed	Thu	Fri	Sat	Sun
ar-AE	wide	الاثنين	الثلاثاء	الأربعاء	الخميس	الجمعة	السبت	الأحد
ar-AE	abbreviated	الاثنين	الثلاثاء	الأربعاء	الخميس	الجمعة	السبت	الأحد
ar-BH	wide	الاثنين	الثلاثاء	الأربعاء	الخميس	الجمعة	السبت	الأحد
ar-BH	abbreviated	الاثنين	الثلاثاء	الأربعاء	الخميس	الجمعة	السبت	الأحد
ar-DJ	wide	الاثنين	الثلاثاء	الأربعاء	الخميس	الجمعة	السبت	الأحد
ar-DJ	abbreviated	الاثنين	الثلاثاء	الأربعاء	الخميس	الجمعة	السبت	الأحد
ar-DZ	wide	الاثنين	الثلاثاء	الأربعاء	الخميس	الجمعة	السبت	الأحد
ar-DZ	abbreviated	الاثنين	الثلاثاء	الأربعاء	الخميس	الجمعة	السبت	الأحد
ar-EG	wide	الاثنين	الثلاثاء	الأربعاء	الخميس	الجمعة	السبت	الأحد
ar-EG	abbreviated	الاثنين	الثلاثاء	الأربعاء	الخميس	الجمعة	السبت	الأحد
ar-EH	wide	الاثنين	الثلاثاء	الأربعاء	الخميس	الجمعة	السبت	الأحد
ar-EH	abbreviated	الاثنين	الثلاثاء	الأربعاء	الخميس	الجمعة	السبت	الأحد
ar-ER	wide	الاثنين	الثلاثاء	الأربعاء	الخميس	الجمعة	السبت	الأحد
ar-ER	abbreviated	الاثنين	الثلاثاء	الأربعاء	الخميس	الجمعة	السبت	الأحد
ar-IL	wide	الاثنين	الثلاثاء	الأربعاء	الخميس	الجمعة	السبت	الأحد
ar-IL	abbreviated	الاثنين	الثلاثاء	الأربعاء	الخميس	الجمعة	السبت	الأحد
ar-IQ	wide	الاثنين	الثلاثاء	الأربعاء	الخميس	الجمعة	السبت	الأحد
ar-IQ	abbreviated	الاثنين	الثلاثاء	الأربعاء	الخميس	الجمعة	السبت	الأحد
ar-JO	wide	الاثنين	الثلاثاء	الأربعاء	الخميس	الجمعة	السبت	الأحد
ar-JO	abbreviated	الاثنين	الثلاثاء	الأربعاء	الخميس	الجمعة	السبت	الأحد
ar-KM	wide	الاثنين	الثلاثاء	الأربعاء	الخميس	الجمعة	السبت	الأحد
ar-KM	abbreviated	الاثنين	الثلاثاء	الأربعاء	الخميس	الجمعة	السبت	الأحد
ar-KW	wide	الاثنين	الثلاثاء	الأربعاء	الخميس	الجمعة	السبت	الأحد
ar-KW	abbreviated	الاثنين	الثلاثاء	الأربعاء	الخميس	الجمعة	السبت	الأحد
ar-LB	wide	الاثنين	الثلاثاء	الأربعاء	الخميس	الجمعة	السبت	الأحد
ar-LB	abbreviated	الاثنين	الثلاثاء	الأربعاء	الخميس	الجمعة	السبت	الأحد
ar-LY	wide	الاثنين	الثلاثاء	الأربعاء	الخميس	الجمعة	السبت	الأحد
ar-LY	abbreviated	الاثنين	الثلاثاء	الأربعاء	الخميس	الجمعة	السبت	الأحد
ar-MA	wide	الاثنين	الثلاثاء	الأربعاء	الخميس	الجمعة	السبت	الأحد
ar-MA	abbreviated	الاثنين	الثلاثاء	الأربعاء	الخميس	الجمعة	السبت	الأحد
ar-MR	wide	الاثنين	الثلاثاء	الأربعاء	الخميس	الجمعة	السبت	الأحد
ar-MR	abbreviated	الاثنين	الثلاثاء	الأربعاء	الخميس	الجمعة	السبت	الأحد
ar-OM	wide	الاثنين	الثلاثاء	الأربعاء	الخميس	الجمعة	السبت	الأحد
ar-OM	abbreviated	الاثنين	الثلاثاء	الأربعاء	الخميس	الجمعة	السبت	الأحد
ar-PS	wide	الاثنين	الثلاثاء	الأربعاء	الخميس	الجمعة	السبت	الأحد
ar-PS	abbreviated	الاثنين	الثلاثاء	الأربعاء	الخميس	الجمعة	السبت	الأحد
ar-QA	wide	الاثنين	الثلاثاء	الأربعاء	الخميس	الجمعة	السبت	الأحد
ar-QA	abbreviated	الاثنين	الثلاثاء	الأربعاء	الخميس	الجمعة	السبت	الأحد
ar-SA	wide	الاثنين	الثلاثاء	الأربعاء	الخميس	الجمعة	السبت	الأحد
ar-SA	abbreviated	الاثنين	الثلاثاء	الأربعاء	الخميس	الجمعة	السبت	الأحد
ar-SD	wide	الاثنين	الثلاثاء	الأربعاء	الخميس	الجمعة	السبت	الأحد
ar-SD	abbreviated	الاثنين	الثلاثاء	الأربعاء	الخميس	الجمعة	السبت	الأحد
ar-SO	wide	الاثنين	الثلاثاء	الأربعاء	الخميس	الجمعة	السبت	الأحد
ar-SO	abbreviated	الاثنين	الثلاثاء	الأربعاء	الخميس	الجمعة	السبت	الأحد
ar-SS	wide	الاثنين	الثلاثاء	الأربعاء	الخميس	الجمعة	السبت	الأحد
ar-SS	abbreviated	الاثنين	الثلاثاء	الأربعاء	الخميس	الجمعة	السبت	الأحد
ar-SY	wide	الاثنين	الثلاثاء	الأربعاء	الخميس	الجمعة	السبت	الأحد
ar-SY	abbreviated	الاثنين	الثلاثاء	الأربعاء	الخميس	الجمعة	السبت	الأحد
ar-TD	wide	الاثنين	الثلاثاء	الأربعاء	الخميس	الجمعة	السبت	الأحد
ar-TD	abbreviated	الاثنين	الثلاثاء	الأربعاء	الخميس	الجمعة	السبت	الأحد
ar-TN	wide	الاثنين	الثلاثاء	الأربعاء	الخميس	الجمعة	السبت	الأحد
ar-TN	abbreviated	الاثنين	الثلاثاء	الأربعاء	الخميس	الجمعة	السبت	الأحد
ar-YE	wide	الاثنين	الثلاثاء	الأربعاء	الخميس	الجمعة	السبت	الأحد
ar-YE	abbreviated	الاثنين	الثلاثاء	الأربعاء	الخميس	الجمعة	السبت	الأحد
arn	wide	Mon	Tue	Wed	Thu	Fri	Sat	Sun
arn	abbreviated	Mon	Tue	Wed	Thu	Fri	Sat	Sun
as	wide	সোমবাৰ	মঙ্গলবাৰ	বুধবাৰ	বৃহস্পতিবাৰ	শুক্ৰবাৰ	শনিবাৰ	দেওবাৰ
as	abbreviated	সোম	মঙ্গল	বুধ	বৃহ	শুক্ৰ	শনি	দেও
asa	wide	Jumatatu	Jumanne	Jumatano	Alhamisi	Ijumaa	Jumamosi	Jumapili
asa	abbreviated	Jtt	Jnn	Jtn	Alh	Ijm	Jmo	Jpi
ast	wide	llunes	martes	miércoles	xueves	vienres	sábadu	domingu
ast	abbreviated	llu	mar	mié	xue	vie	sáb	dom
az	wide	bazar ertəsi	çərşənbə axşamı	çərşənbə	cümə axşamı	cümə	şənbə	bazar
az	abbreviated	B.e.	Ç.a.	Ç.	C.a.	C.	Ş.	B.
az-Arab	wide	Mon	Tue	Wed	Thu	Fri	Sat	Sun
az-Arab	abbreviated	Mon	Tue	Wed	Thu	Fri	Sat	Sun
az-Arab-IQ	wide	Mon	Tue	Wed	Thu	Fri	Sat	Sun
az-Arab-IQ	abbreviated	Mon	Tue	Wed	Thu	Fri	Sat	Sun
az-Arab-TR	wide	Mon	Tue	Wed	Thu	Fri	Sat	Sun
az-Arab-TR	abbreviated	Mon	Tue	Wed	Thu	Fri	Sat	Sun
az-Cyrl	wide	базар ертәси	чәршәнбә ахшамы	чәршәнбә	ҹүмә ахшамы	ҹүмә	шәнбә	базар
az-Cyrl	abbreviated	Б.Е.	Ч.А.	Ч.	Ҹ.А.	Ҹ.	Ш.	Б.
az-Latn	wide	bazar ertəsi	çərşənbə axşamı	çərşənbə	cümə axşamı	cümə	şənbə	bazar
az-Latn	abbreviated	B.e.	Ç.a.	Ç.	C.a.	C.	Ş.	B.
ba	wide	Mon	Tue	Wed	Thu	Fri	Sat	Sun
ba	abbreviated	Mon	Tue	Wed	Thu	Fri	Sat	Sun
bal	wide	Mon	Tue	Wed	Thu	Fri	Sat	Sun
bal	abbreviated	Mon	Tue	Wed	Thu	Fri	Sat	Sun
bal-Arab	wide	Mon	Tue	Wed	Thu	Fri	Sat	Sun
bal-Arab	abbreviated	Mon	Tue	Wed	Thu	Fri	Sat	Sun
bal-Latn	wide	Doshambeh	Sayshambeh	Chárshambeh	Panchshambeh	Jomah	Shambeh	Yakshambeh
bal-Latn	abbreviated	Do	Say	Chá	Pan	Jom	Sha	Yak
bas	wide	ŋgwà njaŋgumba	ŋgwà ûm	ŋgwà ŋgê	ŋgwà mbɔk	ŋgwà kɔɔ	ŋgwà jôn	ŋgwà nɔ̂y
bas	abbreviated	nja	uum	ŋge	mbɔ	kɔɔ	jon	nɔy
be	wide	панядзелак	аўторак	серада	чацвер	пятніца	субота	нядзеля
be	abbreviated	пн	аў	ср	чц	пт	сб	нд
be-tarask	wide	панядзелак	аўторак	серада	чацвер	пятніца	субота	нядзеля
be-tarask	abbreviated	пн	аў	ср	чц	пт	сб	нд
bem	wide	Palichimo	Palichibuli	Palichitatu	Palichine	Palichisano	Pachibelushi	Pa Mulungu
bem	abbreviated	Palichimo	Palichibuli	Palichitatu	Palichine	Palichisano	Pachibelushi	Pa Mulungu
bew	wide	Mon	Tue	Wed	Thu	Fri	Sat	Sun
bew	abbreviated	Mon	Tue	Wed	Thu	Fri	Sat	Sun
bez	wide	pa shahuviluha	pa hivili	pa hidatu	pa hitayi	pa hihanu	pa shahulembela	pa mulungu
bez	abbreviated	Vil	Hiv	Hid	Hit	Hih	Lem	Mul
bgc	wide	सोमवार	मंगलवार	बुधवार	बृहस्पतवार	शुक्रवार	शनिवार	ऐतवार
bgc	abbreviated	सोमवार	मंगलवार	बुधवार	बृहस्पतवार	शुक्रवार	शनिवार	ऐतवार
bgn	wide	Mon	Tue	Wed	Thu	Fri	Sat	Sun
bgn	abbreviated	Mon	Tue	Wed	Thu	Fri	Sat	Sun
bgn-AE	wide	Mon	Tue	Wed	Thu	Fri	Sat	Sun
bgn-AE	abbreviated	Mon	Tue	Wed	Thu	Fri	Sat	Sun
bgn-AF	wide	Mon	Tue	Wed	Thu	Fri	Sat	Sun
bgn-AF	abbreviated	Mon	Tue	Wed	Thu	Fri	Sat	Sun
bgn-IR	wide	Mon	Tue	Wed	Thu	Fri	Sat	Sun
bgn-IR	abbreviated	Mon	Tue	Wed	Thu	Fri	Sat	Sun
bgn-OM	wide	Mon	Tue	Wed	Thu	Fri	Sat	Sun
bgn-OM	abbreviated	Mon	Tue	Wed	Thu	Fri	Sat	Sun
bho	wide	सोमबार	मंगलबार	बुधबार	बृहस्पतिबार	शुक्रबार	सनीचर	रबीबार
bho	abbreviated	सोमबार	मंगलबार	बुधबार	बृहस्पतिबार	शुक्रबार	सनीचर	रबीबार
blo	wide	aɖɩtɛnɛɛ	atalaata	alaarba	alaamɩshɩ	arɩsǝma	asiibi	alahaɖɩ
blo	abbreviated	aɖɩt	atal	alar	alam	arɩs	asib	alah
blt	wide	Mon	Tue	Wed	Thu	Fri	Sat	Sun
blt	abbreviated	Mon	Tue	Wed	Thu	Fri	Sat	Sun
bm	wide	ntɛnɛ	tarata	araba	alamisa	juma	sibiri	kari
bm	abbreviated	ntɛ	tar	ara	ala	jum	sib	kar
bm-Nkoo	wide	Mon	Tue	Wed	Thu	Fri	Sat	Sun
bm-Nkoo	abbreviated	Mon	Tue	Wed	Thu	Fri	Sat	Sun
bn	wide	সোমবার	মঙ্গলবার	বুধবার	বৃহস্পতিবার	শুক্রবার	শনিবার	রবিবার
bn	abbreviated	সোম	মঙ্গল	বুধ	বৃহস্পতি	শুক্র	শনি	রবি
bn-IN	wide	সোমবার	মঙ্গলবার	বুধবার	বৃহস্পতিবার	শুক্রবার	শনিবার	রবিবার
bn-IN	abbreviated	সোম	মঙ্গল	বুধ	বৃহস্পতি	শুক্র	শনি	রবি
bo	wide	གཟའ་ཟླ་བ་	གཟའ་མིག་དམར་	གཟའ་ལྷག་པ་	གཟའ་ཕུར་བུ་	གཟའ་པ་སངས་	གཟའ་སྤེན་པ་	གཟའ་ཉི་མ་
bo	abbreviated	ཟླ་བ་	མིག་དམར་	ལྷག་པ་	ཕུར་བུ་	པ་སངས་	སྤེན་པ་	ཉི་མ་
bo-IN	wide	གཟའ་ཟླ་བ་	གཟའ་མིག་དམར་	གཟའ་ལྷག་པ་	གཟའ་ཕུར་བུ་	གཟའ་པ་སངས་	གཟའ་སྤེན་པ་	གཟའ་ཉི་མ་
bo-IN	abbreviated	ཟླ་བ་	མིག་དམར་	ལྷག་པ་	ཕུར་བུ་	པ་སངས་	སྤེན་པ་	ཉི་མ་
br	wide	Lun	Meurzh	Mercʼher	Yaou	Gwener	Sadorn	Sul
br	abbreviated	Lun	Meu.	Mer.	Yaou	Gwe.	Sad.	Sul
brx	wide	समबार	मंगलबार	बुधबार	बिस्थिबार	सुखुरबार	सनिबार	रबिबार
brx	abbreviated	सम	मंगल	बुध	बिस्थि	सुखुर	सनि	रबि
bs	wide	ponedjeljak	utorak	srijeda	četvrtak	petak	subota	nedjelja
bs	abbreviated	pon	uto	sri	čet	pet	sub	ned
bs-Cyrl	wide	понедјељак	уторак	сриједа	четвртак	петак	субота	недјеља
bs-Cyrl	abbreviated	пон	уто	сри	чет	пет	суб	нед
bs-Latn	wide	ponedjeljak	utorak	srijeda	četvrtak	petak	subota	nedjelja
bs-Latn	abbreviated	pon	uto	sri	čet	pet	sub	ned
bss	wide	Mon	Tue	Wed	Thu	Fri	Sat	Sun
bss	abbreviated	Mon	Tue	Wed	Thu	Fri	Sat	Sun
byn	wide	Mon	Tue	Wed	Thu	Fri	Sat	Sun
byn	abbreviated	Mon	Tue	Wed	Thu	Fri	Sat	Sun
ca	wide	dilluns	dimarts	dimecres	dijous	divendres	dissabte	diumenge
ca	abbreviated	dl.	dt.	dc.	dj.	dv.	ds.	dg.
ca-AD	wide	dilluns	dimarts	dimecres	dijous	divendres	dissabte	diumenge
ca-AD	abbreviated	dl.	dt.	dc.	dj.	dv.	ds.	dg.
ca-ES-valencia	wide	dilluns	dimarts	dimecres	dijous	divendres	dissabte	diumenge
ca-ES-valencia	abbreviated	dl.	dt.	dc.	dj.	dv.	ds.	dg.
ca-FR	wide	dilluns	dimarts	dimecres	dijous	divendres	dissabte	diumenge
ca-FR	abbreviated	dl.	dt.	dc.	dj.	dv.	ds.	dg.
ca-IT	wide	dilluns	dimarts	dimecres	dijous	divendres	dissabte	diumenge
ca-IT	abbreviated	dl.	dt.	dc.	dj.	dv.	ds.	dg.
cad	wide	Wísts’i hayashuh	Bít hayashuh	Dahó hayashuh	Hiwí hayashuh	Dissik’an hayashuh	Inikuˀtiˀtiˀ	Inikuˀ
cad	abbreviated	Wísts’i hayashuh	Bít hayashuh	Dahó hayashuh	Hiwí hayashuh	Dissik’an hayashuh	Inikuˀtiˀtiˀ	Inikuˀ
cch	wide	Mon	Tue	Wed	Thu	Fri	Sat	Sun
cch	abbreviated	Mon	Tue	Wed	Thu	Fri	Sat	Sun
ccp	wide	𑄥𑄧𑄟𑄴𑄝𑄢𑄴	𑄟𑄧𑄁𑄉𑄧𑄣𑄴𑄝𑄢𑄴	𑄝𑄪𑄖𑄴𑄝𑄢𑄴	𑄝𑄳𑄢𑄨𑄥𑄪𑄛𑄴𑄝𑄢𑄴	𑄥𑄪𑄇𑄴𑄇𑄮𑄢𑄴𑄝𑄢𑄴	𑄥𑄧𑄚𑄨𑄝𑄢𑄴	𑄢𑄧𑄝𑄨𑄝𑄢𑄴
ccp	abbreviated	𑄥𑄧𑄟𑄴	𑄟𑄧𑄁𑄉𑄧𑄣𑄴	𑄝𑄪𑄖𑄴	𑄝𑄳𑄢𑄨𑄥𑄪𑄛𑄴	𑄥𑄪𑄇𑄴𑄇𑄮𑄢𑄴	𑄥𑄧𑄚𑄨	𑄢𑄧𑄝𑄨
ccp-IN	wide	𑄥𑄧𑄟𑄴𑄝𑄢𑄴	𑄟𑄧𑄁𑄉𑄧𑄣𑄴𑄝𑄢𑄴	𑄝𑄪𑄖𑄴𑄝𑄢𑄴	𑄝𑄳𑄢𑄨𑄥𑄪𑄛𑄴𑄝𑄢𑄴	𑄥𑄪𑄇𑄴𑄇𑄮𑄢𑄴𑄝𑄢𑄴	𑄥𑄧𑄚𑄨𑄝𑄢𑄴	𑄢𑄧𑄝𑄨𑄝𑄢𑄴
ccp-IN	abbreviated	𑄥𑄧𑄟𑄴	𑄟𑄧𑄁𑄉𑄧𑄣𑄴	𑄝𑄪𑄖𑄴	𑄝𑄳𑄢𑄨𑄥𑄪𑄛𑄴	𑄥𑄪𑄇𑄴𑄇𑄮𑄢𑄴	𑄥𑄧𑄚𑄨	𑄢𑄧𑄝𑄨
ce	wide	оршот	шинара	кхаара	еара	пӀераска	шуот	кӀира
ce	abbreviated	ор	ши	кха	еа	пӀе	шуо	кӀи
ceb	wide	Lunes	Martes	Miyerkules	Huwebes	Biyernes	Sabado	Domingo
ceb	abbreviated	Lun	Mar	Miy	Huw	Biy	Sab	Dom
cgg	wide	Orwokubanza	Orwakabiri	Orwakashatu	Orwakana	Orwakataano	Orwamukaaga	Sande
cgg	abbreviated	ORK	OKB	OKS	OKN	OKT	OMK	SAN
cho	wide	Mon	Tue	Wed	Thu	Fri	Sat	Sun
cho	abbreviated	Mon	Tue	Wed	Thu	Fri	Sat	Sun
chr	wide	ᎤᎾᏙᏓᏉᏅᎯ	ᏔᎵᏁᎢᎦ	ᏦᎢᏁᎢᎦ	ᏅᎩᏁᎢᎦ	ᏧᎾᎩᎶᏍᏗ	ᎤᎾᏙᏓᏈᏕᎾ	ᎤᎾᏙᏓᏆᏍᎬ
chr	abbreviated	ᏉᏅᎯ	ᏔᎵᏁ	ᏦᎢᏁ	ᏅᎩᏁ	ᏧᎾᎩ	ᏈᏕᎾ	ᏆᏍᎬ
cic	wide	Mantiʼ	Chostiʼ	Winstiʼ	Soistiʼ	Nannalhchifaʼ Nittak	Nittak Holloʼ Nakfish	Nittak Holloʼ
cic	abbreviated	Mantiʼ	Chostiʼ	Winstiʼ	Soistiʼ	Nannalhchifaʼ Nittak	Nittak Holloʼ Nakfish	Nittak Holloʼ
ckb	wide	دووشەممە	سێشەممە	چوارشەممە	پێنجشەممە	ھەینی	شەممە	یەکشەممە
ckb	abbreviated	دووشەممە	سێشەممە	چوارشەممە	پێنجشەممە	ھەینی	شەممە	یەکشەممە
ckb-IR	wide	دووشەممە	سێشەممە	چوارشەممە	پێنجشەممە	ھەینی	شەممە	یەکشەممە
ckb-IR	abbreviated	دووشەممە	سێشەممە	چوارشەممە	پێنجشەممە	ھەینی	شەممە	یەکشەممە
co	wide	Mon	Tue	Wed	Thu	Fri	Sat	Sun
co	abbreviated	Mon	Tue	Wed	Thu	Fri	Sat	Sun
csw	wide	ᐴᓂ ᐊᔭᒥᐦᐁᑮᓯᑳᐤ	ᓃᓱᑮᓯᑳᐤ	ᐋᐱᐦᑕᐘᐣ	ᐴᓂᐋᐱᐦᑕᐘᐣ	ᑫᑳᐨ ᒫᑎᓇᐍᑮᓯᑳᐤ	ᒫᑎᓇᐍᑮᓯᑳᐤ	ᐊᔭᒥᐦᐁᑮᓯᑳᐤ
csw	abbreviated	ᐴᓂ ᐊᔭᒥᐦᐁᑮᓯᑳᐤ	ᓃᓱᑮᓯᑳᐤ	ᐋᐱᐦᑕᐘᐣ	ᐴᓂᐋᐱᐦᑕᐘᐣ	ᑫᑳᐨ ᒫᑎᓇᐍᑮᓯᑳᐤ	ᒫᑎᓇᐍᑮᓯᑳᐤ	ᐊᔭᒥᐦᐁᑮᓯᑳᐤ
cu	wide	Mon	Tue	Wed	Thu	Fri	Sat	Sun
cu	abbreviated	Mon	Tue	Wed	Thu	Fri	Sat	Sun
cv	wide	тунтикун	ытларикун	юнкун	кӗҫнерникун	эрнекун	шӑматкун	вырсарникун
cv	abbreviated	тун.	ытл.	юн.	кӗҫ.	эр.	шӑм.	выр.
cy	wide	Dydd Llun	Dydd Mawrth	Dydd Mercher	Dydd Iau	Dydd Gwener	Dydd Sadwrn	Dydd Sul
cy	abbreviated	Llun	Maw	Mer	Iau	Gwen	Sad	Sul
da-GL	wide	mandag	tirsdag	onsdag	torsdag	fredag	lørdag	søndag
da-GL	abbreviated	man.	tirs.	ons.	tors.	fre.	lør.	søn.
dav	wide	Kuramuka jimweri	Kuramuka kawi	Kuramuka kadadu	Kuramuka kana	Kuramuka kasanu	Kifula nguwo	Ituku ja jumwa
dav	abbreviated	Jim	Kaw	Kad	Kan	Kas	Ngu	Jum
de-BE	wide	Montag	Dienstag	Mittwoch	Donnerstag	Freitag	Samstag	Sonntag
de-BE	abbreviated	Mo.	Di.	Mi.	Do.	Fr.	Sa.	So.
de-IT	wide	Montag	Dienstag	Mittwoch	Donnerstag	Freitag	Samstag	Sonntag
de-IT	abbreviated	Mo.	Di.	Mi.	Do.	Fr.	Sa.	So.
de-LI	wide	Montag	Dienstag	Mittwoch	Donnerstag	Freitag	Samstag	Sonntag
de-LI	abbreviated	Mo.	Di.	Mi.	Do.	Fr.	Sa.	So.
de-LU	wide	Montag	Dienstag	Mittwoch	Donnerstag	Freitag	Samstag	Sonntag
de-LU	abbreviated	Mo.	Di.	Mi.	Do.	Fr.	Sa.	So.
dje	wide	Atinni	Atalaata	Alarba	Alhamisi	Alzuma	Asibti	Alhadi
dje	abbreviated	Ati	Ata	Ala	Alm	Alz	Asi	Alh
doi	wide	सोमबार	मंगलबार	बुधबार	बीरबार	शुक्रबार	शनिबार	ऐतबार
doi	abbreviated	सोम	मंगल	बुध	बीर	शुक्र	शनि	ऐत
dsb	wide	pónjeźele	wałtora	srjoda	stwórtk	pětk	sobota	njeźela
dsb	abbreviated	pón	wał	srj	stw	pět	sob	nje
dua	wide	mɔ́sú	kwasú	mukɔ́sú	ŋgisú	ɗónɛsú	esaɓasú	éti
dua	abbreviated	mɔ́s	kwa	muk	ŋgi	ɗón	esa	ét
dv	wide	Mon	Tue	Wed	Thu	Fri	Sat	Sun
dv	abbreviated	Mon	Tue	Wed	Thu	Fri	Sat	Sun
dyo	wide	Teneŋ	Talata	Alarbay	Aramisay	Arjuma	Sibiti	Dimas
dyo	abbreviated	Ten	Tal	Ala	Ara	Arj	Sib	Dim
dz	wide	གཟའ་མིག་དམར་	གཟའ་ལྷག་པ་	གཟའ་ཕུར་བུ་	གཟའ་པ་སངས་	གཟའ་སྤེན་པ་	གཟའ་ཉི་མ་	གཟའ་ཟླ་བ་
dz	abbreviated	མིར་	ལྷག་	ཕུར་	སངས་	སྤེན་	ཉི་	ཟླ་
ebu	wide	Njumatatu	Njumaine	Njumatano	Aramithi	Njumaa	NJumamothii	Kiumia
ebu	abbreviated	Tat	Ine	Tan	Arm	Maa	NMM	Kma
ee	wide	dzoɖa	blaɖa	kuɖa	yawoɖa	fiɖa	memleɖa	kɔsiɖa
ee	abbreviated	dzo	bla	kuɖ	yaw	fiɖ	mem	kɔs
ee-TG	wide	dzoɖa	blaɖa	kuɖa	yawoɖa	fiɖa	memleɖa	kɔsiɖa
ee-TG	abbreviated	dzo	bla	kuɖ	yaw	fiɖ	mem	kɔs
el-CY	wide	Δευτέρα	Τρίτη	Τετάρτη	Πέμπτη	Παρασκευή	Σάββατο	Κυριακή
el-CY	abbreviated	Δευ	Τρί	Τετ	Πέμ	Παρ	Σάβ	Κυρ
el-polyton	wide	Δευτέρα	Τρίτη	Τετάρτη	Πέμπτη	Παρασκευή	Σάββατο	Κυριακή
el-polyton	abbreviated	Δευ	Τρί	Τετ	Πέμ	Παρ	Σάβ	Κυρ
en-001	wide	Monday	Tuesday	Wednesday	Thursday	Friday	Saturday	Sunday
en-001	abbreviated	Mon	Tue	Wed	Thu	Fri	Sat	Sun
en-150	wide	Monday	Tuesday	Wednesday	Thursday	Friday	Saturday	Sunday
en-150	abbreviated	Mon	Tue	Wed	Thu	Fri	Sat	Sun
en-AE	wide	Monday	Tuesday	Wednesday	Thursday	Friday	Saturday	Sunday
en-AE	abbreviated	Mon	Tue	Wed	Thu	Fri	Sat	Sun
en-AG	wide	Monday	Tuesday	Wednesday	Thursday	Friday	Saturday	Sunday
en-AG	abbreviated	Mon	Tue	Wed	Thu	Fri	Sat	Sun
en-AI	wide	Monday	Tuesday	Wednesday	Thursday	Friday	Saturday	Sunday
en-AI	abbreviated	Mon	Tue	Wed	Thu	Fri	Sat	Sun
en-AS	wide	Monday	Tuesday	Wednesday	Thursday	Friday	Saturday	Sunday
en-AS	abbreviated	Mon	Tue	Wed	Thu	Fri	Sat	Sun
en-AT	wide	Monday	Tuesday	Wednesday	Thursday	Friday	Saturday	Sunday
en-AT	abbreviated	Mon	Tue	Wed	Thu	Fri	Sat	Sun
en-BB	wide	Monday	Tuesday	Wednesday	Thursday	Friday	Saturday	Sunday
en-BB	abbreviated	Mon	Tue	Wed	Thu	Fri	Sat	Sun
en-BE	wide	Monday	Tuesday	Wednesday	Thursday	Friday	Saturday	Sunday
en-BE	abbreviated	Mon	Tue	Wed	Thu	Fri	Sat	Sun
en-BI	wide	Monday	Tuesday	Wednesday	Thursday	Friday	Saturday	Sunday
en-BI	abbreviated	Mon	Tue	Wed	Thu	Fri	Sat	Sun
en-BM	wide	Monday	Tuesday	Wednesday	Thursday	Friday	Saturday	Sunday
en-BM	abbreviated	Mon	Tue	Wed	Thu	Fri	Sat	Sun
en-BS	wide	Monday	Tuesday	Wednesday	Thursday	Friday	Saturday	Sunday
en-BS	abbreviated	Mon	Tue	Wed	Thu	Fri	Sat	Sun
en-BW	wide	Monday	Tuesday	Wednesday	Thursday	Friday	Saturday	Sunday
en-BW	abbreviated	Mon	Tue	Wed	Thu	Fri	Sat	Sun
en-BZ	wide	Monday	Tuesday	Wednesday	Thursday	Friday	Saturday	Sunday
en-BZ	abbreviated	Mon	Tue	Wed	Thu	Fri	Sat	Sun
en-CC	wide	Monday	Tuesday	Wednesday	Thursday	Friday	Saturday	Sunday
en-CC	abbreviated	Mon	Tue	Wed	Thu	Fri	Sat	Sun
en-CH	wide	Monday	Tuesday	Wednesday	Thursday	Friday	Saturday	Sunday
en-CH	abbreviated	Mon	Tue	Wed	Thu	Fri	Sat	Sun
en-CK	wide	Monday	Tuesday	Wednesday	Thursday	Friday	Saturday	Sunday
en-CK	abbreviated	Mon	Tue	Wed	Thu	Fri	Sat	Sun
en-CM	wide	Monday	Tuesday	Wednesday	Thursday	Friday	Saturday	Sunday
en-CM	abbreviated	Mon	Tue	Wed	Thu	Fri	Sat	Sun
en-CX	wide	Monday	Tuesday	Wednesday	Thursday	Friday	Saturday	Sunday
en-CX	abbreviated	Mon	Tue	Wed	Thu	Fri	Sat	Sun
en-CY	wide	Monday	Tuesday	Wednesday	Thursday	Friday	Saturday	Sunday
en-CY	abbreviated	Mon	Tue	Wed	Thu	Fri	Sat	Sun
en-DE	wide	Monday	Tuesday	Wednesday	Thursday	Friday	Saturday	Sunday
en-DE	abbreviated	Mon	Tue	Wed	Thu	Fri	Sat	Sun
en-DG	wide	Monday	Tuesday	Wednesday	Thursday	Friday	Saturday	Sunday
en-DG	abbreviated	Mon	Tue	Wed	Thu	Fri	Sat	Sun
en-DK	wide	Monday	Tuesday	Wednesday	Thursday	Friday	Saturday	Sunday
en-DK	abbreviated	Mon	Tue	Wed	Thu	Fri	Sat	Sun
en-DM	wide	Monday	Tuesday	Wednesday	Thursday	Friday	Saturday	Sunday
en-DM	abbreviated	Mon	Tue	Wed	Thu	Fri	Sat	Sun
en-Dsrt	wide	𐐣𐐲𐑌𐐼𐐩	𐐓𐐭𐑆𐐼𐐩	𐐎𐐯𐑌𐑆𐐼𐐩	𐐛𐐲𐑉𐑆𐐼𐐩	𐐙𐑉𐐴𐐼𐐩	𐐝𐐰𐐻𐐲𐑉𐐼𐐩	𐐝𐐲𐑌𐐼𐐩
en-Dsrt	abbreviated	𐐣𐐲𐑌	𐐓𐐭𐑆	𐐎𐐯𐑌	𐐛𐐲𐑉	𐐙𐑉𐐴	𐐝𐐰𐐻	𐐝𐐲𐑌
en-ER	wide	Monday	Tuesday	Wednesday	Thursday	Friday	Saturday	Sunday
en-ER	abbreviated	Mon	Tue	Wed	Thu	Fri	Sat	Sun
en-FI	wide	Monday	Tuesday	Wednesday	Thursday	Friday	Saturday	Sunday
en-FI	abbreviated	Mon	Tue	Wed	Thu	Fri	Sat	Sun
en-FJ	wide	Monday	Tuesday	Wednesday	Thursday	Friday	Saturday	Sunday
en-FJ	abbreviated	Mon	Tue	Wed	Thu	Fri	Sat	Sun
en-FK	wide	Monday	Tuesday	Wednesday	Thursday	Friday	Saturday	Sunday
en-FK	abbreviated	Mon	Tue	Wed	Thu	Fri	Sat	Sun
en-FM	wide	Monday	Tuesday	Wednesday	Thursday	Friday	Saturday	Sunday
en-FM	abbreviated	Mon	Tue	Wed	Thu	Fri	Sat	Sun
en-GD	wide	Monday	Tuesday	Wednesday	Thursday	Friday	Saturday	Sunday
en-GD	abbreviated	Mon	Tue	Wed	Thu	Fri	Sat	Sun
en-GG	wide	Monday	Tuesday	Wednesday	Thursday	Friday	Saturday	Sunday
en-GG	abbreviated	Mon	Tue	Wed	Thu	Fri	Sat	Sun
en-GH	wide	Monday	Tuesday	Wednesday	Thursday	Friday	Saturday	Sunday
en-GH	abbreviated	Mon	Tue	Wed	Thu	Fri	Sat	Sun
en-GI	wide	Monday	Tuesday	Wednesday	Thursday	Friday	Saturday	Sunday
en-GI	abbreviated	Mon	Tue	Wed	Thu	Fri	Sat	Sun
en-GM	wide	Monday	Tuesday	Wednesday	Thursday	Friday	Saturday	Sunday
en-GM	abbreviated	Mon	Tue	Wed	Thu	Fri	Sat	Sun
en-GU	wide	Monday	Tuesday	Wednesday	Thursday	Friday	Saturday	Sunday
en-GU	abbreviated	Mon	Tue	Wed	Thu	Fri	Sat	Sun
en-GY	wide	Monday	Tuesday	Wednesday	Thursday	Friday	Saturday	Sunday
en-GY	abbreviated	Mon	Tue	Wed	Thu	Fri	Sat	Sun
en-HK	wide	Monday	Tuesday	Wednesday	Thursday	Friday	Saturday	Sunday
en-HK	abbreviated	Mon	Tue	Wed	Thu	Fri	Sat	Sun
en-ID	wide	Monday	Tuesday	Wednesday	Thursday	Friday	Saturday	Sunday
en-ID	abbreviated	Mon	Tue	Wed	Thu	Fri	Sat	Sun
en-IL	wide	Monday	Tuesday	Wednesday	Thursday	Friday	Saturday	Sunday
en-IL	abbreviated	Mon	Tue	Wed	Thu	Fri	Sat	Sun
en-IM	wide	Monday	Tuesday	Wednesday	Thursday	Friday	Saturday	Sunday
en-IM	abbreviated	Mon	Tue	Wed	Thu	Fri	Sat	Sun
en-IN	wide	Monday	Tuesday	Wednesday	Thursday	Friday	Saturday	Sunday
en-IN	abbreviated	Mon	Tue	Wed	Thu	Fri	Sat	Sun
en-IO	wide	Monday	Tuesday	Wednesday	Thursday	Friday	Saturday	Sunday
en-IO	abbreviated	Mon	Tue	Wed	Thu	Fri	Sat	Sun
en-JE	wide	Monday	Tuesday	Wednesday	Thursday	Friday	Saturday	Sunday
en-JE	abbreviated	Mon	Tue	Wed	Thu	Fri	Sat	Sun
en-JM	wide	Monday	Tuesday	Wednesday	Thursday	Friday	Saturday	Sunday
en-JM	abbreviated	Mon	Tue	Wed	Thu	Fri	Sat	Sun
en-KE	wide	Monday	Tuesday	Wednesday	Thursday	Friday	Saturday	Sunday
en-KE	abbreviated	Mon	Tue	Wed	Thu	Fri	Sat	Sun
en-KI	wide	Monday	Tuesday	Wednesday	Thursday	Friday	Saturday	Sunday
en-KI	abbreviated	Mon	Tue	Wed	Thu	Fri	Sat	Sun
en-KN	wide	Monday	Tuesday	Wednesday	Thursday	Friday	Saturday	Sunday
en-KN	abbreviated	Mon	Tue	Wed	Thu	Fri	Sat	Sun
en-KY	wide	Monday	Tuesday	Wednesday	Thursday	Friday	Saturday	Sunday
en-KY	abbreviated	Mon	Tue	Wed	Thu	Fri	Sat	Sun
en-LC	wide	Monday	Tuesday	Wednesday	Thursday	Friday	Saturday	Sunday
en-LC	abbreviated	Mon	Tue	Wed	Thu	Fri	Sat	Sun
en-LR	wide	Monday	Tuesday	Wednesday	Thursday	Friday	Saturday	Sunday
en-LR	abbreviated	Mon	Tue	Wed	Thu	Fri	Sat	Sun
en-LS	wide	Monday	Tuesday	Wednesday	Thursday	Friday	Saturday	Sunday
en-LS	abbreviated	Mon	Tue	Wed	Thu	Fri	Sat	Sun
en-MG	wide	Monday	Tuesday	Wednesday	Thursday	Friday	Saturday	Sunday
en-MG	abbreviated	Mon	Tue	Wed	Thu	Fri	Sat	Sun
en-MH	wide	Monday	Tuesday	Wednesday	Thursday	Friday	Saturday	Sunday
en-MH	abbreviated	Mon	Tue	Wed	Thu	Fri	Sat	Sun
en-MO	wide	Monday	Tuesday	Wednesday	Thursday	Friday	Saturday	Sunday
en-MO	abbreviated	Mon	Tue	Wed	Thu	Fri	Sat	Sun
en-MP	wide	Monday	Tuesday	Wednesday	Thursday	Friday	Saturday	Sunday
en-MP	abbreviated	Mon	Tue	Wed	Thu	Fri	Sat	Sun
en-MS	wide	Monday	Tuesday	Wednesday	Thursday	Friday	Saturday	Sunday
en-MS	abbreviated	Mon	Tue	Wed	Thu	Fri	Sat	Sun
en-MT	wide	Monday	Tuesday	Wednesday	Thursday	Friday	Saturday	Sunday
en-MT	abbreviated	Mon	Tue	Wed	Thu	Fri	Sat	Sun
en-MU	wide	Monday	Tuesday	Wednesday	Thursday	Friday	Saturday	Sunday
en-MU	abbreviated	Mon	Tue	Wed	Thu	Fri	Sat	Sun
en-MV	wide	Monday	Tuesday	Wednesday	Thursday	Friday	Saturday	Sunday
en-MV	abbreviated	Mon	Tue	Wed	Thu	Fri	Sat	Sun
en-MW	wide	Monday	Tuesday	Wednesday	Thursday	Friday	Saturday	Sunday
en-MW	abbreviated	Mon	Tue	Wed	Thu	Fri	Sat	Sun
en-MY	wide	Monday	Tuesday	Wednesday	Thursday	Friday	Saturday	Sunday
en-MY	abbreviated	Mon	Tue	Wed	Thu	Fri	Sat	Sun
en-NA	wide	Monday	Tuesday	Wednesday	Thursday	Friday	Saturday	Sunday
en-NA	abbreviated	Mon	Tue	Wed	Thu	Fri	Sat	Sun
en-NF	wide	Monday	Tuesday	Wednesday	Thursday	Friday	Saturday	Sunday
en-NF	abbreviated	Mon	Tue	Wed	Thu	Fri	Sat	Sun
en-NG	wide	Monday	Tuesday	Wednesday	Thursday	Friday	Saturday	Sunday
en-NG	abbreviated	Mon	Tue	Wed	Thu	Fri	Sat	Sun
en-NL	wide	Monday	Tuesday	Wednesday	Thursday	Friday	Saturday	Sunday
en-NL	abbreviated	Mon	Tue	Wed	Thu	Fri	Sat	Sun
en-NR	wide	Monday	Tuesday	Wednesday	Thursday	Friday	Saturday	Sunday
en-NR	abbreviated	Mon	Tue	Wed	Thu	Fri	Sat	Sun
en-NU	wide	Monday	Tuesday	Wednesday	Thursday	Friday	Saturday	Sunday
en-NU	abbreviated	Mon	Tue	Wed	Thu	Fri	Sat	Sun
en-PG	wide	Monday	Tuesday	Wednesday	Thursday	Friday	Saturday	Sunday
en-PG	abbreviated	Mon	Tue	Wed	Thu	Fri	Sat	Sun
en-PH	wide	Monday	Tuesday	Wednesday	Thursday	Friday	Saturday	Sunday
en-PH	abbreviated	Mon	Tue	Wed	Thu	Fri	Sat	Sun
en-PK	wide	Monday	Tuesday	Wednesday	Thursday	Friday	Saturday	Sunday
en-PK	abbreviated	Mon	Tue	Wed	Thu	Fri	Sat	Sun
en-PN	wide	Monday	Tuesday	Wednesday	Thursday	Friday	Saturday	Sunday
en-PN	abbreviated	Mon	Tue	Wed	Thu	Fri	Sat	Sun
en-PR	wide	Monday	Tuesday	Wednesday	Thursday	Friday	Saturday	Sunday
en-PR	abbreviated	Mon	Tue	Wed	Thu	Fri	Sat	Sun
en-PW	wide	Monday	Tuesday	Wednesday	Thursday	Friday	Saturday	Sunday
en-PW	abbreviated	Mon	Tue	Wed	Thu	Fri	Sat	Sun
en-RW	wide	Monday	Tuesday	Wednesday	Thursday	Friday	Saturday	Sunday
en-RW	abbreviated	Mon	Tue	Wed	Thu	Fri	Sat	Sun
en-SB	wide	Monday	Tuesday	Wednesday	Thursday	Friday	Saturday	Sunday
en-SB	abbreviated	Mon	Tue	Wed	Thu	Fri	Sat	Sun
en-SC	wide	Monday	Tuesday	Wednesday	Thursday	Friday	Saturday	Sunday
en-SC	abbreviated	Mon	Tue	Wed	Thu	Fri	Sat	Sun
en-SD	wide	Monday	Tuesday	Wednesday	Thursday	Friday	Saturday	Sunday
en-SD	abbreviated	Mon	Tue	Wed	Thu	Fri	Sat	Sun
en-SE	wide	Monday	Tuesday	Wednesday	Thursday	Friday	Saturday	Sunday
en-SE	abbreviated	Mon	Tue	Wed	Thu	Fri	Sat	Sun
en-SG	wide	Monday	Tuesday	Wednesday	Thursday	Friday	Saturday	Sunday
en-SG	abbreviated	Mon	Tue	Wed	Thu	Fri	Sat	Sun
en-SH	wide	Monday	Tuesday	Wednesday	Thursday	Friday	Saturday	Sunday
en-SH	abbreviated	Mon	Tue	Wed	Thu	Fri	Sat	Sun
en-SI	wide	Monday	Tuesday	Wednesday	Thursday	Friday	Saturday	Sunday
en-SI	abbreviated	Mon	Tue	Wed	Thu	Fri	Sat	Sun
en-SL	wide	Monday	Tuesday	Wednesday	Thursday	Friday	Saturday	Sunday
en-SL	abbreviated	Mon	Tue	Wed	Thu	Fri	Sat	Sun
en-SS	wide	Monday	Tuesday	Wednesday	Thursday	Friday	Saturday	Sunday
en-SS	abbreviated	Mon	Tue	Wed	Thu	Fri	Sat	Sun
en-SX	wide	Monday	Tuesday	Wednesday	Thursday	Friday	Saturday	Sunday
en-SX	abbreviated	Mon	Tue	Wed	Thu	Fri	Sat	Sun
en-SZ	wide	Monday	Tuesday	Wednesday	Thursday	Friday	Saturday	Sunday
en-SZ	abbreviated	Mon	Tue	Wed	Thu	Fri	Sat	Sun
en-Shaw	wide	·𐑥𐑭𐑙𐑛𐑱	·𐑑𐑵𐑟𐑛𐑱	·𐑢𐑧𐑙𐑟𐑛𐑱	·𐑔𐑻𐑟𐑛𐑱	·𐑓𐑮𐑲𐑛𐑱	·𐑕𐑨𐑛𐑻𐑛𐑱	·𐑕𐑭𐑙𐑛𐑱
en-Shaw	abbreviated	·𐑥𐑭	·𐑑𐑵	·𐑢𐑧	·𐑔𐑻	·𐑓𐑮	·𐑕𐑨	·𐑕𐑭
en-TC	wide	Monday	Tuesday	Wednesday	Thursday	Friday	Saturday	Sunday
en-TC	abbreviated	Mon	Tue	Wed	Thu	Fri	Sat	Sun
en-TK	wide	Monday	Tuesday	Wednesday	Thursday	Friday	Saturday	Sunday
en-TK	abbreviated	Mon	Tue	Wed	Thu	Fri	Sat	Sun
en-TO	wide	Monday	Tuesday	Wednesday	Thursday	Friday	Saturday	Sunday
en-TO	abbreviated	Mon	Tue	Wed	Thu	Fri	Sat	Sun
en-TT	wide	Monday	Tuesday	Wednesday	Thursday	Friday	Saturday	Sunday
en-TT	abbreviated	Mon	Tue	Wed	Thu	Fri	Sat	Sun
en-TV	wide	Monday	Tuesday	Wednesday	Thursday	Friday	Saturday	Sunday
en-TV	abbreviated	Mon	Tue	Wed	Thu	Fri	Sat	Sun
en-TZ	wide	Monday	Tuesday	Wednesday	Thursday	Friday	Saturday	Sunday
en-TZ	abbreviated	Mon	Tue	Wed	Thu	Fri	Sat	Sun
en-UG	wide	Monday	Tuesday	Wednesday	Thursday	Friday	Saturday	Sunday
en-UG	abbreviated	Mon	Tue	Wed	Thu	Fri	Sat	Sun
en-UM	wide	Monday	Tuesday	Wednesday	Thursday	Friday	Saturday	Sunday
en-UM	abbreviated	Mon	Tue	Wed	Thu	Fri	Sat	Sun
en-VC	wide	Monday	Tuesday	Wednesday	Thursday	Friday	Saturday	Sunday
en-VC	abbreviated	Mon	Tue	Wed	Thu	Fri	Sat	Sun
en-VG	wide	Monday	Tuesday	Wednesday	Thursday	Friday	Saturday	Sunday
en-VG	abbreviated	Mon	Tue	Wed	Thu	Fri	Sat	Sun
en-VI	wide	Monday	Tuesday	Wednesday	Thursday	Friday	Saturday	Sunday
en-VI	abbreviated	Mon	Tue	Wed	Thu	Fri	Sat	Sun
en-VU	wide	Monday	Tuesday	Wednesday	Thursday	Friday	Saturday	Sunday
en-VU	abbreviated	Mon	Tue	Wed	Thu	Fri	Sat	Sun
en-WS	wide	Monday	Tuesday	Wednesday	Thursday	Friday	Saturday	Sunday
en-WS	abbreviated	Mon	Tue	Wed	Thu	Fri	Sat	Sun
en-ZM	wide	Monday	Tuesday	Wednesday	Thursday	Friday	Saturday	Sunday
en-ZM	abbreviated	Mon	Tue	Wed	Thu	Fri	Sat	Sun
en-ZW	wide	Monday	Tuesday	Wednesday	Thursday	Friday	Saturday	Sunday
en-ZW	abbreviated	Mon	Tue	Wed	Thu	Fri	Sat	Sun
eo	wide	lundo	mardo	merkredo	ĵaŭdo	vendredo	sabato	dimanĉo
eo	abbreviated	lu	ma	me	ĵa	ve	sa	di
es-419	wide	lunes	martes	miércoles	jueves	viernes	sábado	domingo
es-419	abbreviated	lun	mar	mié	jue	vie	sáb	dom
es-BO	wide	lunes	martes	miércoles	jueves	viernes	sábado	domingo
es-BO	abbreviated	lun	mar	mié	jue	vie	sáb	dom
es-BR	wide	lunes	martes	miércoles	jueves	viernes	sábado	domingo
es-BR	abbreviated	lun	mar	mié	jue	vie	sáb	dom
es-BZ	wide	lunes	martes	miércoles	jueves	viernes	sábado	domingo
es-BZ	abbreviated	lun	mar	mié	jue	vie	sáb	dom
es-CL	wide	lunes	martes	miércoles	jueves	viernes	sábado	domingo
es-CL	abbreviated	lun	mar	mié	jue	vie	sáb	dom
es-CR	wide	lunes	martes	miércoles	jueves	viernes	sábado	domingo
es-CR	abbreviated	lun	mar	mié	jue	vie	sáb	dom
es-CU	wide	lunes	martes	miércoles	jueves	viernes	sábado	domingo
es-CU	abbreviated	lun	mar	mié	jue	vie	sáb	dom
es-DO	wide	lunes	martes	miércoles	jueves	viernes	sábado	domingo
es-DO	abbreviated	lun	mar	mié	jue	vie	sáb	dom
es-EA	wide	lunes	martes	miércoles	jueves	viernes	sábado	domingo
es-EA	abbreviated	lun	mar	mié	jue	vie	sáb	dom
es-EC	wide	lunes	martes	miércoles	jueves	viernes	sábado	domingo
es-EC	abbreviated	lun	mar	mié	jue	vie	sáb	dom
es-GQ	wide	lunes	martes	miércoles	jueves	viernes	sábado	domingo
es-GQ	abbreviated	lun	mar	mié	jue	vie	sáb	dom
es-GT	wide	lunes	martes	miércoles	jueves	viernes	sábado	domingo
es-GT	abbreviated	lun	mar	mié	jue	vie	sáb	dom
es-HN	wide	lunes	martes	miércoles	jueves	viernes	sábado	domingo
es-HN	abbreviated	lun	mar	mié	jue	vie	sáb	dom
es-IC	wide	lunes	martes	miércoles	jueves	viernes	sábado	domingo
es-IC	abbreviated	lun	mar	mié	jue	vie	sáb	dom
es-NI	wide	lunes	martes	miércoles	jueves	viernes	sábado	domingo
es-NI	abbreviated	lun	mar	mié	jue	vie	sáb	dom
es-PA	wide	lunes	martes	miércoles	jueves	viernes	sábado	domingo
es-PA	abbreviated	lun	mar	mié	jue	vie	sáb	dom
es-PE	wide	lunes	martes	miércoles	jueves	viernes	sábado	domingo
es-PE	abbreviated	lun	mar	mié	jue	vie	sáb	dom
es-PH	wide	lunes	martes	miércoles	jueves	viernes	sábado	domingo
es-PH	abbreviated	lun	mar	mié	jue	vie	sáb	dom
es-PR	wide	lunes	martes	miércoles	jueves	viernes	sábado	domingo
es-PR	abbreviated	lun	mar	mié	jue	vie	sáb	dom
es-PY	wide	lunes	martes	miércoles	jueves	viernes	sábado	domingo
es-PY	abbreviated	lun	mar	mié	jue	vie	sáb	dom
es-SV	wide	lunes	martes	miércoles	jueves	viernes	sábado	domingo
es-SV	abbreviated	lun	mar	mié	jue	vie	sáb	dom
es-US	wide	lunes	martes	miércoles	jueves	viernes	sábado	domingo
es-US	abbreviated	lun	mar	mié	jue	vie	sáb	dom
es-UY	wide	lunes	martes	miércoles	jueves	viernes	sábado	domingo
es-UY	abbreviated	lun	mar	mié	jue	vie	sáb	dom
es-VE	wide	lunes	martes	miércoles	jueves	viernes	sábado	domingo
es-VE	abbreviated	lun	mar	mié	jue	vie	sáb	dom
eu	wide	astelehena	asteartea	asteazkena	osteguna	ostirala	larunbata	igandea
eu	abbreviated	al.	ar.	az.	og.	or.	lr.	ig.
ewo	wide	mɔ́ndi	sɔ́ndɔ məlú mə́bɛ̌	sɔ́ndɔ məlú mə́lɛ́	sɔ́ndɔ məlú mə́nyi	fúladé	séradé	sɔ́ndɔ
ewo	abbreviated	mɔ́n	smb	sml	smn	fúl	sér	sɔ́n
fa	wide	دوشنبه	سه‌شنبه	چهارشنبه	پنجشنبه	جمعه	شنبه	یکشنبه
fa	abbreviated	دوشنبه	سه‌شنبه	چهارشنبه	پنجشنبه	جمعه	شنبه	یکشنبه
fa-AF	wide	دوشنبه	سه‌شنبه	چهارشنبه	پنجشنبه	جمعه	شنبه	یکشنبه
fa-AF	abbreviated	دوشنبه	سه‌شنبه	چهارشنبه	پنجشنبه	جمعه	شنبه	یکشنبه
ff	wide	aaɓnde	mawbaare	njeslaare	naasaande	mawnde	hoore-biir	dewo
ff	abbreviated	aaɓ	maw	nje	naa	mwd	hbi	dew
ff-Adlm	wide	𞤀𞥄𞤩𞤵𞤲𞥋𞤣𞤫	𞤃𞤢𞤱𞤦𞤢𞥄𞤪𞤫	𞤐𞤶𞤫𞤧𞤤𞤢𞥄𞤪𞤫	𞤐𞤢𞥄𞤧𞤢𞥄𞤲𞤣𞤫	𞤃𞤢𞤱𞤲𞤣𞤫	𞤖𞤮𞤪𞤦𞤭𞤪𞥆𞤫	𞤈𞤫𞤬𞤦𞤭𞤪𞥆𞤫
ff-Adlm	abbreviated	𞤀𞥄𞤩𞤵	𞤃𞤢𞤦	𞤔𞤫𞤧	𞤐𞤢𞥄𞤧	𞤃𞤢𞤣	𞤖𞤮𞤪	𞤈𞤫𞤬
ff-Adlm-BF	wide	𞤀𞥄𞤩𞤵𞤲𞥋𞤣𞤫	𞤃𞤢𞤱𞤦𞤢𞥄𞤪𞤫	𞤐𞤶𞤫𞤧𞤤𞤢𞥄𞤪𞤫	𞤐𞤢𞥄𞤧𞤢𞥄𞤲𞤣𞤫	𞤃𞤢𞤱𞤲𞤣𞤫	𞤖𞤮𞤪𞤦𞤭𞤪𞥆𞤫	𞤈𞤫𞤬𞤦𞤭𞤪𞥆𞤫
ff-Adlm-BF	abbreviated	𞤀𞥄𞤩𞤵	𞤃𞤢𞤦	𞤔𞤫𞤧	𞤐𞤢𞥄𞤧	𞤃𞤢𞤣	𞤖𞤮𞤪	𞤈𞤫𞤬
ff-Adlm-CM	wide	𞤀𞥄𞤩𞤵𞤲𞥋𞤣𞤫	𞤃𞤢𞤱𞤦𞤢𞥄𞤪𞤫	𞤐𞤶𞤫𞤧𞤤𞤢𞥄𞤪𞤫	𞤐𞤢𞥄𞤧𞤢𞥄𞤲𞤣𞤫	𞤃𞤢𞤱𞤲𞤣𞤫	𞤖𞤮𞤪𞤦𞤭𞤪𞥆𞤫	𞤈𞤫𞤬𞤦𞤭𞤪𞥆𞤫
ff-Adlm-CM	abbreviated	𞤀𞥄𞤩𞤵	𞤃𞤢𞤦	𞤔𞤫𞤧	𞤐𞤢𞥄𞤧	𞤃𞤢𞤣	𞤖𞤮𞤪	𞤈𞤫𞤬
ff-Adlm-GH	wide	𞤀𞥄𞤩𞤵𞤲𞥋𞤣𞤫	𞤃𞤢𞤱𞤦𞤢𞥄𞤪𞤫	𞤐𞤶𞤫𞤧𞤤𞤢𞥄𞤪𞤫	𞤐𞤢𞥄𞤧𞤢𞥄𞤲𞤣𞤫	𞤃𞤢𞤱𞤲𞤣𞤫	𞤖𞤮𞤪𞤦𞤭𞤪𞥆𞤫	𞤈𞤫𞤬𞤦𞤭𞤪𞥆𞤫
ff-Adlm-GH	abbreviated	𞤀𞥄𞤩𞤵	𞤃𞤢𞤦	𞤔𞤫𞤧	𞤐𞤢𞥄𞤧	𞤃𞤢𞤣	𞤖𞤮𞤪	𞤈𞤫𞤬
ff-Adlm-GM	wide	𞤀𞥄𞤩𞤵𞤲𞥋𞤣𞤫	𞤃𞤢𞤱𞤦𞤢𞥄𞤪𞤫	𞤐𞤶𞤫𞤧𞤤𞤢𞥄𞤪𞤫	𞤐𞤢𞥄𞤧𞤢𞥄𞤲𞤣𞤫	𞤃𞤢𞤱𞤲𞤣𞤫	𞤖𞤮𞤪𞤦𞤭𞤪𞥆𞤫	𞤈𞤫𞤬𞤦𞤭𞤪𞥆𞤫
ff-Adlm-GM	abbreviated	𞤀𞥄𞤩𞤵	𞤃𞤢𞤦	𞤔𞤫𞤧	𞤐𞤢𞥄𞤧	𞤃𞤢𞤣	𞤖𞤮𞤪	𞤈𞤫𞤬
ff-Adlm-GW	wide	𞤀𞥄𞤩𞤵𞤲𞥋𞤣𞤫	𞤃𞤢𞤱𞤦𞤢𞥄𞤪𞤫	𞤐𞤶𞤫𞤧𞤤𞤢𞥄𞤪𞤫	𞤐𞤢𞥄𞤧𞤢𞥄𞤲𞤣𞤫	𞤃𞤢𞤱𞤲𞤣𞤫	𞤖𞤮𞤪𞤦𞤭𞤪𞥆𞤫	𞤈𞤫𞤬𞤦𞤭𞤪𞥆𞤫
ff-Adlm-GW	abbreviated	𞤀𞥄𞤩𞤵	𞤃𞤢𞤦	𞤔𞤫𞤧	𞤐𞤢𞥄𞤧	𞤃𞤢𞤣	𞤖𞤮𞤪	𞤈𞤫𞤬
ff-Adlm-LR	wide	𞤀𞥄𞤩𞤵𞤲𞥋𞤣𞤫	𞤃𞤢𞤱𞤦𞤢𞥄𞤪𞤫	𞤐𞤶𞤫𞤧𞤤𞤢𞥄𞤪𞤫	𞤐𞤢𞥄𞤧𞤢𞥄𞤲𞤣𞤫	𞤃𞤢𞤱𞤲𞤣𞤫	𞤖𞤮𞤪𞤦𞤭𞤪𞥆𞤫	𞤈𞤫𞤬𞤦𞤭𞤪𞥆𞤫
ff-Adlm-LR	abbreviated	𞤀𞥄𞤩𞤵	𞤃𞤢𞤦	𞤔𞤫𞤧	𞤐𞤢𞥄𞤧	𞤃𞤢𞤣	𞤖𞤮𞤪	𞤈𞤫𞤬
ff-Adlm-MR	wide	𞤀𞥄𞤩𞤵𞤲𞥋𞤣𞤫	𞤃𞤢𞤱𞤦𞤢𞥄𞤪𞤫	𞤐𞤶𞤫𞤧𞤤𞤢𞥄𞤪𞤫	𞤐𞤢𞥄𞤧𞤢𞥄𞤲𞤣𞤫	𞤃𞤢𞤱𞤲𞤣𞤫	𞤖𞤮𞤪𞤦𞤭𞤪𞥆𞤫	𞤈𞤫𞤬𞤦𞤭𞤪𞥆𞤫
ff-Adlm-MR	abbreviated	𞤀𞥄𞤩𞤵	𞤃𞤢𞤦	𞤔𞤫𞤧	𞤐𞤢𞥄𞤧	𞤃𞤢𞤣	𞤖𞤮𞤪	𞤈𞤫𞤬
ff-Adlm-NE	wide	𞤀𞥄𞤩𞤵𞤲𞥋𞤣𞤫	𞤃𞤢𞤱𞤦𞤢𞥄𞤪𞤫	𞤐𞤶𞤫𞤧𞤤𞤢𞥄𞤪𞤫	𞤐𞤢𞥄𞤧𞤢𞥄𞤲𞤣𞤫	𞤃𞤢𞤱𞤲𞤣𞤫	𞤖𞤮𞤪𞤦𞤭𞤪𞥆𞤫	𞤈𞤫𞤬𞤦𞤭𞤪𞥆𞤫
ff-Adlm-NE	abbreviated	𞤀𞥄𞤩𞤵	𞤃𞤢𞤦	𞤔𞤫𞤧	𞤐𞤢𞥄𞤧	𞤃𞤢𞤣	𞤖𞤮𞤪	𞤈𞤫𞤬
ff-Adlm-NG	wide	𞤀𞥄𞤩𞤵𞤲𞥋𞤣𞤫	𞤃𞤢𞤱𞤦𞤢𞥄𞤪𞤫	𞤐𞤶𞤫𞤧𞤤𞤢𞥄𞤪𞤫	𞤐𞤢𞥄𞤧𞤢𞥄𞤲𞤣𞤫	𞤃𞤢𞤱𞤲𞤣𞤫	𞤖𞤮𞤪𞤦𞤭𞤪𞥆𞤫	𞤈𞤫𞤬𞤦𞤭𞤪𞥆𞤫
ff-Adlm-NG	abbreviated	𞤀𞥄𞤩𞤵	𞤃𞤢𞤦	𞤔𞤫𞤧	𞤐𞤢𞥄𞤧	𞤃𞤢𞤣	𞤖𞤮𞤪	𞤈𞤫𞤬
ff-Adlm-SL	wide	𞤀𞥄𞤩𞤵𞤲𞥋𞤣𞤫	𞤃𞤢𞤱𞤦𞤢𞥄𞤪𞤫	𞤐𞤶𞤫𞤧𞤤𞤢𞥄𞤪𞤫	𞤐𞤢𞥄𞤧𞤢𞥄𞤲𞤣𞤫	𞤃𞤢𞤱𞤲𞤣𞤫	𞤖𞤮𞤪𞤦𞤭𞤪𞥆𞤫	𞤈𞤫𞤬𞤦𞤭𞤪𞥆𞤫
ff-Adlm-SL	abbreviated	𞤀𞥄𞤩𞤵	𞤃𞤢𞤦	𞤔𞤫𞤧	𞤐𞤢𞥄𞤧	𞤃𞤢𞤣	𞤖𞤮𞤪	𞤈𞤫𞤬
ff-Adlm-SN	wide	𞤀𞥄𞤩𞤵𞤲𞥋𞤣𞤫	𞤃𞤢𞤱𞤦𞤢𞥄𞤪𞤫	𞤐𞤶𞤫𞤧𞤤𞤢𞥄𞤪𞤫	𞤐𞤢𞥄𞤧𞤢𞥄𞤲𞤣𞤫	𞤃𞤢𞤱𞤲𞤣𞤫	𞤖𞤮𞤪𞤦𞤭𞤪𞥆𞤫	𞤈𞤫𞤬𞤦𞤭𞤪𞥆𞤫
ff-Adlm-SN	abbreviated	𞤀𞥄𞤩𞤵	𞤃𞤢𞤦	𞤔𞤫𞤧	𞤐𞤢𞥄𞤧	𞤃𞤢𞤣	𞤖𞤮𞤪	𞤈𞤫𞤬
ff-Latn	wide	aaɓnde	mawbaare	njeslaare	naasaande	mawnde	hoore-biir	dewo
ff-Latn	abbreviated	aaɓ	maw	nje	naa	mwd	hbi	dew
ff-Latn-BF	wide	aaɓnde	mawbaare	njeslaare	naasaande	mawnde	hoore-biir	dewo
ff-Latn-BF	abbreviated	aaɓ	maw	nje	naa	mwd	hbi	dew
ff-Latn-CM	wide	aaɓnde	mawbaare	njeslaare	naasaande	mawnde	hoore-biir	dewo
ff-Latn-CM	abbreviated	aaɓ	maw	nje	naa	mwd	hbi	dew
ff-Latn-GH	wide	aaɓnde	mawbaare	njeslaare	naasaande	mawnde	hoore-biir	dewo
ff-Latn-GH	abbreviated	aaɓ	maw	nje	naa	mwd	hbi	dew
ff-Latn-GM	wide	aaɓnde	mawbaare	njeslaare	naasaande	mawnde	hoore-biir	dewo
ff-Latn-GM	abbreviated	aaɓ	maw	nje	naa	mwd	hbi	dew
ff-Latn-GN	wide	aaɓnde	mawbaare	njeslaare	naasaande	mawnde	hoore-biir	dewo
ff-Latn-GN	abbreviated	aaɓ	maw	nje	naa	mwd	hbi	dew
ff-Latn-GW	wide	aaɓnde	mawbaare	njeslaare	naasaande	mawnde	hoore-biir	dewo
ff-Latn-GW	abbreviated	aaɓ	maw	nje	naa	mwd	hbi	dew
ff-Latn-LR	wide	aaɓnde	mawbaare	njeslaare	naasaande	mawnde	hoore-biir	dewo
ff-Latn-LR	abbreviated	aaɓ	maw	nje	naa	mwd	hbi	dew
ff-Latn-MR	wide	aaɓnde	mawbaare	njeslaare	naasaande	mawnde	hoore-biir	dewo
ff-Latn-MR	abbreviated	aaɓ	maw	nje	naa	mwd	hbi	dew
ff-Latn-NE	wide	aaɓnde	mawbaare	njeslaare	naasaande	mawnde	hoore-biir	dewo
ff-Latn-NE	abbreviated	aaɓ	maw	nje	naa	mwd	hbi	dew
ff-Latn-NG	wide	aaɓnde	mawbaare	njeslaare	naasaande	mawnde	hoore-biir	dewo
ff-Latn-NG	abbreviated	aaɓ	maw	nje	naa	mwd	hbi	dew
ff-Latn-SL	wide	aaɓnde	mawbaare	njeslaare	naasaande	mawnde	hoore-biir	dewo
ff-Latn-SL	abbreviated	aaɓ	maw	nje	naa	mwd	hbi	dew
fil	wide	Lunes	Martes	Miyerkules	Huwebes	Biyernes	Sabado	Linggo
fil	abbreviated	Lun	Mar	Miy	Huw	Biy	Sab	Lin
fo	wide	mánadagur	týsdagur	mikudagur	hósdagur	fríggjadagur	leygardagur	sunnudagur
fo	abbreviated	mán.	týs.	mik.	hós.	frí.	ley.	sun.
fo-DK	wide	mánadagur	týsdagur	mikudagur	hósdagur	fríggjadagur	leygardagur	sunnudagur
fo-DK	abbreviated	mán.	týs.	mik.	hós.	frí.	ley.	sun.
fr-BF	wide	lundi	mardi	mercredi	jeudi	vendredi	samedi	dimanche
fr-BF	abbreviated	lun.	mar.	mer.	jeu.	ven.	sam.	dim.
fr-BI	wide	lundi	mardi	mercredi	jeudi	vendredi	samedi	dimanche
fr-BI	abbreviated	lun.	mar.	mer.	jeu.	ven.	sam.	dim.
fr-BJ	wide	lundi	mardi	mercredi	jeudi	vendredi	samedi	dimanche
fr-BJ	abbreviated	lun.	mar.	mer.	jeu.	ven.	sam.	dim.
fr-BL	wide	lundi	mardi	mercredi	jeudi	vendredi	samedi	dimanche
fr-BL	abbreviated	lun.	mar.	mer.	jeu.	ven.	sam.	dim.
fr-CD	wide	lundi	mardi	mercredi	jeudi	vendredi	samedi	dimanche
fr-CD	abbreviated	lun.	mar.	mer.	jeu.	ven.	sam.	dim.
fr-CF	wide	lundi	mardi	mercredi	jeudi	vendredi	samedi	dimanche
fr-CF	abbreviated	lun.	mar.	mer.	jeu.	ven.	sam.	dim.
fr-CG	wide	lundi	mardi	mercredi	jeudi	vendredi	samedi	dimanche
fr-CG	abbreviated	lun.	mar.	mer.	jeu.	ven.	sam.	dim.
fr-CI	wide	lundi	mardi	mercredi	jeudi	vendredi	samedi	dimanche
fr-CI	abbreviated	lun.	mar.	mer.	jeu.	ven.	sam.	dim.
fr-CM	wide	lundi	mardi	mercredi	jeudi	vendredi	samedi	dimanche
fr-CM	abbreviated	lun.	mar.	mer.	jeu.	ven.	sam.	dim.
fr-DJ	wide	lundi	mardi	mercredi	jeudi	vendredi	samedi	dimanche
fr-DJ	abbreviated	lun.	mar.	mer.	jeu.	ven.	sam.	dim.
fr-DZ	wide	lundi	mardi	mercredi	jeudi	vendredi	samedi	dimanche
fr-DZ	abbreviated	lun.	mar.	mer.	jeu.	ven.	sam.	dim.
fr-GA	wide	lundi	mardi	mercredi	jeudi	vendredi	samedi	dimanche
fr-GA	abbreviated	lun.	mar.	mer.	jeu.	ven.	sam.	dim.
fr-GF	wide	lundi	mardi	mercredi	jeudi	vendredi	samedi	dimanche
fr-GF	abbreviated	lun.	mar.	mer.	jeu.	ven.	sam.	dim.
fr-GN	wide	lundi	mardi	mercredi	jeudi	vendredi	samedi	dimanche
fr-GN	abbreviated	lun.	mar.	mer.	jeu.	ven.	sam.	dim.
fr-GP	wide	lundi	mardi	mercredi	jeudi	vendredi	samedi	dimanche
fr-GP	abbreviated	lun.	mar.	mer.	jeu.	ven.	sam.	dim.
fr-GQ	wide	lundi	mardi	mercredi	jeudi	vendredi	samedi	dimanche
fr-GQ	abbreviated	lun.	mar.	mer.	jeu.	ven.	sam.	dim.
fr-HT	wide	lundi	mardi	mercredi	jeudi	vendredi	samedi	dimanche
fr-HT	abbreviated	lun.	mar.	mer.	jeu.	ven.	sam.	dim.
fr-KM	wide	lundi	mardi	mercredi	jeudi	vendredi	samedi	dimanche
fr-KM	abbreviated	lun.	mar.	mer.	jeu.	ven.	sam.	dim.
fr-LU	wide	lundi	mardi	mercredi	jeudi	vendredi	samedi	dimanche
fr-LU	abbreviated	lun.	mar.	mer.	jeu.	ven.	sam.	dim.
fr-MA	wide	lundi	mardi	mercredi	jeudi	vendredi	samedi	dimanche
fr-MA	abbreviated	lun.	mar.	mer.	jeu.	ven.	sam.	dim.
fr-MC	wide	lundi	mardi	mercredi	jeudi	vendredi	samedi	dimanche
fr-MC	abbreviated	lun.	mar.	mer.	jeu.	ven.	sam.	dim.
fr-MF	wide	lundi	mardi	mercredi	jeudi	vendredi	samedi	dimanche
fr-MF	abbreviated	lun.	mar.	mer.	jeu.	ven.	sam.	dim.
fr-MG	wide	lundi	mardi	mercredi	jeudi	vendredi	samedi	dimanche
fr-MG	abbreviated	lun.	mar.	mer.	jeu.	ven.	sam.	dim.
fr-ML	wide	lundi	mardi	mercredi	jeudi	vendredi	samedi	dimanche
fr-ML	abbreviated	lun.	mar.	mer.	jeu.	ven.	sam.	dim.
fr-MQ	wide	lundi	mardi	mercredi	jeudi	vendredi	samedi	dimanche
fr-MQ	abbreviated	lun.	mar.	mer.	jeu.	ven.	sam.	dim.
fr-MR	wide	lundi	mardi	mercredi	jeudi	vendredi	samedi	dimanche
fr-MR	abbreviated	lun.	mar.	mer.	jeu.	ven.	sam.	dim.
fr-MU	wide	lundi	mardi	mercredi	jeudi	vendredi	samedi	dimanche
fr-MU	abbreviated	lun.	mar.	mer.	jeu.	ven.	sam.	dim.
fr-NC	wide	lundi	mardi	mercredi	jeudi	vendredi	samedi	dimanche
fr-NC	abbreviated	lun.	mar.	mer.	jeu.	ven.	sam.	dim.
fr-NE	wide	lundi	mardi	mercredi	jeudi	vendredi	samedi	dimanche
fr-NE	abbreviated	lun.	mar.	mer.	jeu.	ven.	sam.	dim.
fr-PF	wide	lundi	mardi	mercredi	jeudi	vendredi	samedi	dimanche
fr-PF	abbreviated	lun.	mar.	mer.	jeu.	ven.	sam.	dim.
fr-PM	wide	lundi	mardi	mercredi	jeudi	vendredi	samedi	dimanche
fr-PM	abbreviated	lun.	mar.	mer.	jeu.	ven.	sam.	dim.
fr-RE	wide	lundi	mardi	mercredi	jeudi	vendredi	samedi	dimanche
fr-RE	abbreviated	lun.	mar.	mer.	jeu.	ven.	sam.	dim.
fr-RW	wide	lundi	mardi	mercredi	jeudi	vendredi	samedi	dimanche
fr-RW	abbreviated	lun.	mar.	mer.	jeu.	ven.	sam.	dim.
fr-SC	wide	lundi	mardi	mercredi	jeudi	vendredi	samedi	dimanche
fr-SC	abbreviated	lun.	mar.	mer.	jeu.	ven.	sam.	dim.
fr-SN	wide	lundi	mardi	mercredi	jeudi	vendredi	samedi	dimanche
fr-SN	abbreviated	lun.	mar.	mer.	jeu.	ven.	sam.	dim.
fr-SY	wide	lundi	mardi	mercredi	jeudi	vendredi	samedi	dimanche
fr-SY	abbreviated	lun.	mar.	mer.	jeu.	ven.	sam.	dim.
fr-TD	wide	lundi	mardi	mercredi	jeudi	vendredi	samedi	dimanche
fr-TD	abbreviated	lun.	mar.	mer.	jeu.	ven.	sam.	dim.
fr-TG	wide	lundi	mardi	mercredi	jeudi	vendredi	samedi	dimanche
fr-TG	abbreviated	lun.	mar.	mer.	jeu.	ven.	sam.	dim.
fr-TN	wide	lundi	mardi	mercredi	jeudi	vendredi	samedi	dimanche
fr-TN	abbreviated	lun.	mar.	mer.	jeu.	ven.	sam.	dim.
fr-VU	wide	lundi	mardi	mercredi	jeudi	vendredi	samedi	dimanche
fr-VU	abbreviated	lun.	mar.	mer.	jeu.	ven.	sam.	dim.
fr-WF	wide	lundi	mardi	mercredi	jeudi	vendredi	samedi	dimanche
fr-WF	abbreviated	lun.	mar.	mer.	jeu.	ven.	sam.	dim.
fr-YT	wide	lundi	mardi	mercredi	jeudi	vendredi	samedi	dimanche
fr-YT	abbreviated	lun.	mar.	mer.	jeu.	ven.	sam.	dim.
frr	wide	Mon	Tue	Wed	Thu	Fri	Sat	Sun
frr	abbreviated	Mon	Tue	Wed	Thu	Fri	Sat	Sun
fur	wide	lunis	martars	miercus	joibe	vinars	sabide	domenie
fur	abbreviated	lun	mar	mie	joi	vin	sab	dom
fy	wide	moandei	tiisdei	woansdei	tongersdei	freed	sneon	snein
fy	abbreviated	mo	ti	wo	to	fr	so	si
ga	wide	Dé Luain	Dé Máirt	Dé Céadaoin	Déardaoin	Dé hAoine	Dé Sathairn	Dé Domhnaigh
ga	abbreviated	Luan	Máirt	Céad	Déar	Aoine	Sath	Domh
ga-GB	wide	Dé Luain	Dé Máirt	Dé Céadaoin	Déardaoin	Dé hAoine	Dé Sathairn	Dé Domhnaigh
ga-GB	abbreviated	Luan	Máirt	Céad	Déar	Aoine	Sath	Domh
gaa	wide	Ju	Jufɔ	Shɔ	Soo	Sohaa	Hɔɔ	Hɔgbaa
gaa	abbreviated	Ju	Jufɔ	Shɔ	Soo	Sohaa	Hɔɔ	Hɔgbaa
gd	wide	DiLuain	DiMàirt	DiCiadain	DiarDaoin	DihAoine	DiSathairne	DiDòmhnaich
gd	abbreviated	DiL	DiM	DiC	Dia	Dih	DiS	DiD
gez	wide	Mon	Tue	Wed	Thu	Fri	Sat	Sun
gez	abbreviated	Mon	Tue	Wed	Thu	Fri	Sat	Sun
gez-ER	wide	Mon	Tue	Wed	Thu	Fri	Sat	Sun
gez-ER	abbreviated	Mon	Tue	Wed	Thu	Fri	Sat	Sun
gl	wide	luns	martes	mércores	xoves	venres	sábado	domingo
gl	abbreviated	luns	mar.	mér.	xov.	ven.	sáb.	dom.
gn	wide	Arakõi	Araapy	Ararundy	Arapo	Arapoteĩ	Arapokõi	Arateĩ
gn	abbreviated	Arakõi	Araapy	Ararundy	Arapo	Arapoteĩ	Arapokõi	Arateĩ
gsw	wide	Määntig	Ziischtig	Mittwuch	Dunschtig	Friitig	Samschtig	Sunntig
gsw	abbreviated	Mä.	Zi.	Mi.	Du.	Fr.	Sa.	Su.
gsw-FR	wide	Määntig	Ziischtig	Mittwuch	Dunschtig	Friitig	Samschtig	Sunntig
gsw-FR	abbreviated	Mä.	Zi.	Mi.	Du.	Fr.	Sa.	Su.
gsw-LI	wide	Määntig	Ziischtig	Mittwuch	Dunschtig	Friitig	Samschtig	Sunntig
gsw-LI	abbreviated	Mä.	Zi.	Mi.	Du.	Fr.	Sa.	Su.
gu	wide	સોમવાર	મંગળવાર	બુધવાર	ગુરુવાર	શુક્રવાર	શનિવાર	રવિવાર
gu	abbreviated	સોમ	મંગળ	બુધ	ગુરુ	શુક્ર	શનિ	રવિ
guz	wide	Chumatato	Chumaine	Chumatano	Aramisi	Ichuma	Esabato	Chumapiri
guz	abbreviated	Ctt	Cmn	Cmt	Ars	Icm	Est	Cpr
gv	wide	Jelhein	Jemayrt	Jercean	Jerdein	Jeheiney	Jesarn	Jedoonee
gv	abbreviated	Jel	Jem	Jerc	Jerd	Jeh	Jes	Jed
ha	wide	Litinin	Talata	Laraba	Alhamis	Jummaʼa	Asabar	Lahadi
ha	abbreviated	Lit	Tal	Lar	Alh	Jum	Asa	Lah
ha-Arab	wide	Mon	Tue	Wed	Thu	Fri	Sat	Sun
ha-Arab	abbreviated	Mon	Tue	Wed	Thu	Fri	Sat	Sun
ha-Arab-SD	wide	Mon	Tue	Wed	Thu	Fri	Sat	Sun
ha-Arab-SD	abbreviated	Mon	Tue	Wed	Thu	Fri	Sat	Sun
ha-GH	wide	Litinin	Talata	Laraba	Alhamis	Jummaʼa	Asabar	Lahadi
ha-GH	abbreviated	Lit	Tal	Lar	Alh	Jum	Asa	Lah
ha-NE	wide	Litinin	Talata	Laraba	Alhamis	Jummaʼa	Asabar	Lahadi
ha-NE	abbreviated	Lit	Tal	Lar	Alh	Jum	Asa	Lah
haw	wide	Poʻakahi	Poʻalua	Poʻakolu	Poʻahā	Poʻalima	Poʻaono	Lāpule
haw	abbreviated	P1	P2	P3	P4	P5	P6	LP
he	wide	יום שני	יום שלישי	יום רביעי	יום חמישי	יום שישי	יום שבת	יום ראשון
he	abbreviated	יום ב׳	יום ג׳	יום ד׳	יום ה׳	יום ו׳	שבת	יום א׳
hi	wide	सोमवार	मंगलवार	बुधवार	गुरुवार	शुक्रवार	शनिवार	रविवार
hi	abbreviated	सोम	मंगल	बुध	गुरु	शुक्र	शनि	रवि
hi-Latn	wide	Somwaar	Mangalwaar	Budhwaar	Guruwaar	Shukrawaar	Shaniwaar	Raviwaar
hi-Latn	abbreviated	Som	Mangal	Budh	Guru	Shukra	Shani	Ravi
hnj	wide	Mon	Tue	Wed	Thu	Fri	Sat	Sun
hnj	abbreviated	Mon	Tue	Wed	Thu	Fri	Sat	Sun
hnj-Hmnp	wide	Mon	Tue	Wed	Thu	Fri	Sat	Sun
hnj-Hmnp	abbreviated	Mon	Tue	Wed	Thu	Fri	Sat	Sun
hr-BA	wide	ponedjeljak	utorak	srijeda	četvrtak	petak	subota	nedjelja
hr-BA	abbreviated	pon	uto	sri	čet	pet	sub	ned
hsb	wide	póndźela	wutora	srjeda	štwórtk	pjatk	sobota	njedźela
hsb	abbreviated	pón	wut	srj	štw	pja	sob	nje
hy	wide	երկուշաբթի	երեքշաբթի	չորեքշաբթի	հինգշաբթի	ուրբաթ	շաբաթ	կիրակի
hy	abbreviated	երկ	երք	չրք	հնգ	ուր	շբթ	կիր
ia	wide	lunedi	martedi	mercuridi	jovedi	venerdi	sabbato	dominica
ia	abbreviated	lun	mar	mer	jov	ven	sab	dom
id	wide	Senin	Selasa	Rabu	Kamis	Jumat	Sabtu	Minggu
id	abbreviated	Sen	Sel	Rab	Kam	Jum	Sab	Min
ie	wide	lunedí	mardí	mercurdí	jovedí	venerdí	saturdí	soledí
ie	abbreviated	lun.	mar.	mer.	jov.	ven.	sat.	sol.
ig	wide	Mọnde	Tiuzdee	Wenezdee	Tọọzdee	Fraịdee	Satọdee	Sọndee
ig	abbreviated	Mọn	Tiu	Wen	Tọọ	Fraị	Sat	Sọn
ii	wide	ꆏꊂꋍ	ꆏꊂꑍ	ꆏꊂꌕ	ꆏꊂꇖ	ꆏꊂꉬ	ꆏꊂꃘ	ꑬꆏꑍ
ii	abbreviated	ꆏꋍ	ꆏꑍ	ꆏꌕ	ꆏꇖ	ꆏꉬ	ꆏꃘ	ꑬꆏ
io	wide	Mon	Tue	Wed	Thu	Fri	Sat	Sun
io	abbreviated	Mon	Tue	Wed	Thu	Fri	Sat	Sun
is	wide	mánudagur	þriðjudagur	miðvikudagur	fimmtudagur	föstudagur	laugardagur	sunnudagur
is	abbreviated	mán.	þri.	mið.	fim.	fös.	lau.	sun.
it-SM	wide	lunedì	martedì	mercoledì	giovedì	venerdì	sabato	domenica
it-SM	abbreviated	lun	mar	mer	gio	ven	sab	dom
it-VA	wide	lunedì	martedì	mercoledì	giovedì	venerdì	sabato	domenica
it-VA	abbreviated	lun	mar	mer	gio	ven	sab	dom
iu	wide	Mon	Tue	Wed	Thu	Fri	Sat	Sun
iu	abbreviated	Mon	Tue	Wed	Thu	Fri	Sat	Sun
iu-Latn	wide	Mon	Tue	Wed	Thu	Fri	Sat	Sun
iu-Latn	abbreviated	Mon	Tue	Wed	Thu	Fri	Sat	Sun
jbo	wide	Mon	Tue	Wed	Thu	Fri	Sat	Sun
jbo	abbreviated	Mon	Tue	Wed	Thu	Fri	Sat	Sun
jgo	wide	Mɔ́ndi	Ápta Mɔ́ndi	Wɛ́nɛsɛdɛ	Tɔ́sɛdɛ	Fɛlâyɛdɛ	Sásidɛ	Sɔ́ndi
jgo	abbreviated	Mɔ́ndi	Ápta Mɔ́ndi	Wɛ́nɛsɛdɛ	Tɔ́sɛdɛ	Fɛlâyɛdɛ	Sásidɛ	Sɔ́ndi
jmc	wide	Jumatatuu	Jumanne	Jumatanu	Alhamisi	Ijumaa	Jumamosi	Jumapilyi
jmc	abbreviated	Jtt	Jnn	Jtn	Alh	Iju	Jmo	Jpi
jv	wide	Senin	Selasa	Rabu	Kamis	Jumat	Sabtu	Ahad
jv	abbreviated	Sen	Sel	Rab	Kam	Jum	Sab	Ahad
ka	wide	ორშაბათი	სამშაბათი	ოთხშაბათი	ხუთშაბათი	პარასკევი	შაბათი	კვირა
ka	abbreviated	ორშ	სამ	ოთხ	ხუთ	პარ	შაბ	კვი
kaa	wide	дүйшемби	сийшемби	сәршемби	пийшемби	жума	шемби	екшемби
kaa	abbreviated	Дүй	Сий	Сәр	Пий	Жум	Шем	Екш
kaa-Cyrl	wide	дүйшемби	сийшемби	сәршемби	пийшемби	жума	шемби	екшемби
kaa-Cyrl	abbreviated	Дүй	Сий	Сәр	Пий	Жум	Шем	Екш
kaa-Latn	wide	Mon	Tue	Wed	Thu	Fri	Sat	Sun
kaa-Latn	abbreviated	Mon	Tue	Wed	Thu	Fri	Sat	Sun
kab	wide	Sanass	Kraḍass	Kuẓass	Samass	Sḍisass	Sayass	Yanass
kab	abbreviated	San	Kraḍ	Kuẓ	Sam	Sḍis	Say	Yan
kaj	wide	Mon	Tue	Wed	Thu	Fri	Sat	Sun
kaj	abbreviated	Mon	Tue	Wed	Thu	Fri	Sat	Sun
kam	wide	Wa kwambĩlĩlya	Wa kelĩ	Wa katatũ	Wa kana	Wa katano	Wa thanthatũ	Wa kyumwa
kam	abbreviated	Wkw	Wkl	Wtũ	Wkn	Wtn	Wth	Wky
kcg	wide	Mon	Tue	Wed	Thu	Fri	Sat	Sun
kcg	abbreviated	Mon	Tue	Wed	Thu	Fri	Sat	Sun
kde	wide	Liduva lyatatu	Liduva lyanchechi	Liduva lyannyano	Liduva lyannyano na linji	Liduva lyannyano na mavili	Liduva litandi	Liduva lyapili
kde	abbreviated	Ll3	Ll4	Ll5	Ll6	Ll7	Ll1	Ll2
kea	wide	sigunda-fera	tersa-fera	kuarta-fera	kinta-fera	sesta-fera	sábadu	dumingu
kea	abbreviated	sig	ter	kua	kin	ses	sab	dum
ken	wide	Mon	Tue	Wed	Thu	Fri	Sat	Sun
ken	abbreviated	Mon	Tue	Wed	Thu	Fri	Sat	Sun
kgp	wide	pir-kurã-há	régre-kurã-há	tẽgtũ-kurã-há	vẽnhkãgra-kurã-há	pénkar-kurã-há	savnu	numĩggu
kgp	abbreviated	pir.	rég.	tẽg.	vẽn.	pén.	sav.	num.
khq	wide	Atini	Atalata	Alarba	Alhamiisa	Aljuma	Assabdu	Alhadi
khq	abbreviated	Ati	Ata	Ala	Alm	Alj	Ass	Alh
ki	wide	Njumatatũ	Njumaine	Njumatana	Aramithi	Njumaa	Njumamothi	Kiumia
ki	abbreviated	NTT	NMN	NMT	ART	NMA	NMM	KMA
kk	wide	дүйсенбі	сейсенбі	сәрсенбі	бейсенбі	жұма	сенбі	жексенбі
kk	abbreviated	дс	сс	ср	бс	жм	сб	жс
kk-Arab	wide	Mon	Tue	Wed	Thu	Fri	Sat	Sun
kk-Arab	abbreviated	Mon	Tue	Wed	Thu	Fri	Sat	Sun
kk-Cyrl	wide	дүйсенбі	сейсенбі	сәрсенбі	бейсенбі	жұма	сенбі	жексенбі
kk-Cyrl	abbreviated	дс	сс	ср	бс	жм	сб	жс
kk-KZ	wide	дүйсенбі	сейсенбі	сәрсенбі	бейсенбі	жұма	сенбі	жексенбі
kk-KZ	abbreviated	дс	сс	ср	бс	жм	сб	жс
kkj	wide	lundi	mardi	mɛrkɛrɛdi	yedi	vaŋdɛrɛdi	mɔnɔ sɔndi	sɔndi
kkj	abbreviated	lundi	mardi	mɛrkɛrɛdi	yedi	vaŋdɛrɛdi	mɔnɔ sɔndi	sɔndi
kl	wide	ataasinngorneq	marlunngorneq	pingasunngorneq	sisamanngorneq	tallimanngorneq	arfininngorneq	sapaat
kl	abbreviated	ata	mar	pin	sis	tal	arf	sap
kln	wide	Kotaai	Koaeng’	Kosomok	Koang’wan	Komuut	Kolo	Kotisap
kln	abbreviated	Kot	Koo	Kos	Koa	Kom	Kol	Kts
km	wide	ច័ន្ទ	អង្គារ	ពុធ	ព្រហស្បតិ៍	សុក្រ	សៅរ៍	អាទិត្យ
km	abbreviated	ចន្ទ	អង្គារ	ពុធ	ព្រហ	សុក្រ	សៅរ៍	អាទិត្យ
kn	wide	ಸೋಮವಾರ	ಮಂಗಳವಾರ	ಬುಧವಾರ	ಗುರುವಾರ	ಶುಕ್ರವಾರ	ಶನಿವಾರ	ಭಾನುವಾರ
kn	abbreviated	ಸೋಮ	ಮಂಗಳ	ಬುಧ	ಗುರು	ಶುಕ್ರ	ಶನಿ	ಭಾನು
kok	wide	सोमार	मंगळार	बुधवार	बिरेस्तार	शुक्रार	शेनवार	आयतार
kok	abbreviated	सोमार	मंगळार	बुधवार	बिरेस्तार	शुक्रार	शेनवार	आयतार
kok-Deva	wide	सोमार	मंगळार	बुधवार	बिरेस्तार	शुक्रार	शेनवार	आयतार
kok-Deva	abbreviated	सोमार	मंगळार	बुधवार	बिरेस्तार	शुक्रार	शेनवार	आयतार
kok-Latn	wide	Somar	Mongllar	Budhvar	Birestar	Sukrar	Sonvar	Aitar
kok-Latn	abbreviated	Som	Mon	Bud	Bre	Suk	Son	Ait
kpe	wide	Mon	Tue	Wed	Thu	Fri	Sat	Sun
kpe	abbreviated	Mon	Tue	Wed	Thu	Fri	Sat	Sun
kpe-GN	wide	Mon	Tue	Wed	Thu	Fri	Sat	Sun
kpe-GN	abbreviated	Mon	Tue	Wed	Thu	Fri	Sat	Sun
ks	wide	ژٔندرٕروار	بۆموار	بودوار	برؠسوار	جُمہ	بٹوار	اَتھوار
ks	abbreviated	ژٔندٕروار	بۆموار	بودوار	برؠسوار	جُمہ	بٹوار	آتھوار
ks-Arab	wide	ژٔندرٕروار	بۆموار	بودوار	برؠسوار	جُمہ	بٹوار	اَتھوار
ks-Arab	abbreviated	ژٔندٕروار	بۆموار	بودوار	برؠسوار	جُمہ	بٹوار	آتھوار
ks-Deva	wide	च़ंदिरवार	बोमवार	बोदवार	ब्रेसवार	जुमा	बटवार	आथवार
ks-Deva	abbreviated	चंदिरवार	बुवार	बोदवार	ब्रेसवार	जुमा	बटवार	आथवार
ksb	wide	Jumaatatu	Jumaane	Jumaatano	Alhamisi	Ijumaa	Jumaamosi	Jumaapii
ksb	abbreviated	Jtt	Jmn	Jtn	Alh	Iju	Jmo	Jpi
ksf	wide	lǝndí	maadí	mɛkrɛdí	jǝǝdí	júmbá	samdí	sɔ́ndǝ
ksf	abbreviated	lǝn	maa	mɛk	jǝǝ	júm	sam	sɔ́n
ksh	wide	Mohndaach	Dinnsdaach	Metwoch	Dunnersdaach	Friidaach	Samsdaach	Sunndaach
ksh	abbreviated	Mo.	Di.	Me.	Du.	Fr.	Sa.	Su.
ku	wide	duşem	sêşem	çarşem	pêncşem	înî	şemî	yekşem
ku	abbreviated	dşm	sşm	çşm	pşm	înî	şem	yşm
kw	wide	dy Lun	dy Meurth	dy Merher	dy Yow	dy Gwener	dy Sadorn	dy Sul
kw	abbreviated	Lun	Mth	Mhr	Yow	Gwe	Sad	Sul
kxv	wide	smbara	mangaḍa	pudara	laki vara	sukru vara	sani vara	aadi vara
kxv	abbreviated	smba	manga	puda	laki	sukru	sani	aadi
kxv-Deva	wide	साॅम्वारा	मंगाड़ा	पुद्दारा	लाक्कि वारा	सुकुरु वारा	सान्नि वारा	आदि वारा
kxv-Deva	abbreviated	साॅम्मा	मान्गा	पूदा	लाक्की	सुकुरु	सान्नि	आदि
kxv-Latn	wide	smbara	mangaḍa	pudara	laki vara	sukru vara	sani vara	aadi vara
kxv-Latn	abbreviated	smba	manga	puda	laki	sukru	sani	aadi
kxv-Orya	wide	ସମ୍ବାରା	ମାଙ୍ଗାଡ଼ା	ପୁଦାରା	ଲାକି ୱାରା	ସୁକ୍ରୁ ୱାରା	ସାନି ୱାରା	ଆଦି ୱାରା
kxv-Orya	abbreviated	ସମ୍ବା	ମାଙ୍ଗା	ପୁଦା	ଲାକି	ସୁକ୍ରୁ	ସାନି	ଆଦି
kxv-Telu	wide	నమారా	మాంగాడా	వుదారా	లాకివరా	నుక్ వరా	సానివరా	వారమి
kxv-Telu	abbreviated	నమారా	మాంగాడా	వుదారా	లాకివరా	నుక్ వరా	సానివరా	వారమి
ky	wide	дүйшөмбү	шейшемби	шаршемби	бейшемби	жума	ишемби	жекшемби
ky	abbreviated	дүй.	шейш.	шарш.	бейш.	жума	ишм.	жек.
la	wide	Mon	Tue	Wed	Thu	Fri	Sat	Sun
la	abbreviated	Mon	Tue	Wed	Thu	Fri	Sat	Sun
lag	wide	Jumatátu	Jumaíne	Jumatáano	Alamíisi	Ijumáa	Jumamóosi	Jumapíiri
lag	abbreviated	Táatu	Íne	Táano	Alh	Ijm	Móosi	Píili
lb	wide	Méindeg	Dënschdeg	Mëttwoch	Donneschdeg	Freideg	Samschdeg	Sonndeg
lb	abbreviated	Méi.	Dën.	Mët.	Don.	Fre.	Sam.	Son.
lg	wide	Balaza	Lwakubiri	Lwakusatu	Lwakuna	Lwakutaano	Lwamukaaga	Sabbiiti
lg	abbreviated	Bal	Lw2	Lw3	Lw4	Lw5	Lw6	Sab
lij	wide	lunesdì	mätesdì	mäcordì	zeuggia	venardì	sabbo	domenega
lij	abbreviated	lunesdì	mätesdì	mäcordì	zeuggia	venardì	sabbo	domenega
lkt	wide	Aŋpétuwaŋži	Aŋpétunuŋpa	Aŋpétuyamni	Aŋpétutopa	Aŋpétuzaptaŋ	Owáŋgyužažapi	Aŋpétuwakȟaŋ
lkt	abbreviated	Aŋpétuwaŋži	Aŋpétunuŋpa	Aŋpétuyamni	Aŋpétutopa	Aŋpétuzaptaŋ	Owáŋgyužažapi	Aŋpétuwakȟaŋ
lld	wide	lönesc	mertesc	mercui	jöbia	vëndres	sabeda	domënia
lld	abbreviated	lön	mert	merc	jöb	vën	sab	dom
lmo	wide	lundì	mardì	mercoldì	sgiovedì	venerdì	sabet	domenega
lmo	abbreviated	lundì	mardì	mercoldì	sgiovedì	venerdì	sabet	domenega
ln	wide	mokɔlɔ mwa yambo	mokɔlɔ mwa míbalé	mokɔlɔ mwa mísáto	mokɔlɔ ya mínéi	mokɔlɔ ya mítáno	mpɔ́sɔ	eyenga
ln	abbreviated	ybo	mbl	mst	min	mtn	mps	eye
ln-AO	wide	mokɔlɔ mwa yambo	mokɔlɔ mwa míbalé	mokɔlɔ mwa mísáto	mokɔlɔ ya mínéi	mokɔlɔ ya mítáno	mpɔ́sɔ	eyenga
ln-AO	abbreviated	ybo	mbl	mst	min	mtn	mps	eye
ln-CF	wide	mokɔlɔ mwa yambo	mokɔlɔ mwa míbalé	mokɔlɔ mwa mísáto	mokɔlɔ ya mínéi	mokɔlɔ ya mítáno	mpɔ́sɔ	eyenga
ln-CF	abbreviated	ybo	mbl	mst	min	mtn	mps	eye
ln-CG	wide	mokɔlɔ mwa yambo	mokɔlɔ mwa míbalé	mokɔlɔ mwa mísáto	mokɔlɔ ya mínéi	mokɔlɔ ya mítáno	mpɔ́sɔ	eyenga
ln-CG	abbreviated	ybo	mbl	mst	min	mtn	mps	eye
lo	wide	ວັນຈັນ	ວັນອັງຄານ	ວັນພຸດ	ວັນພະຫັດ	ວັນສຸກ	ວັນເສົາ	ວັນອາທິດ
lo	abbreviated	ຈັນ	ອັງຄານ	ພຸດ	ພະຫັດ	ສຸກ	ເສົາ	ອາທິດ
lrc	wide	Mon	Tue	Wed	Thu	Fri	Sat	Sun
lrc	abbreviated	Mon	Tue	Wed	Thu	Fri	Sat	Sun
lrc-IQ	wide	Mon	Tue	Wed	Thu	Fri	Sat	Sun
lrc-IQ	abbreviated	Mon	Tue	Wed	Thu	Fri	Sat	Sun
ltg	wide	Mon	Tue	Wed	Thu	Fri	Sat	Sun
ltg	abbreviated	Mon	Tue	Wed	Thu	Fri	Sat	Sun
lu	wide	Nkodya	Ndàayà	Ndangù	Njòwa	Ngòvya	Lubingu	Lumingu
lu	abbreviated	Nko	Ndy	Ndg	Njw	Ngv	Lub	Lum
luo	wide	Wuok Tich	Tich Ariyo	Tich Adek	Tich Ang’wen	Tich Abich	Ngeso	Jumapil
luo	abbreviated	WUT	TAR	TAD	TAN	TAB	NGS	JMP
luy	wide	Jumatatu	Jumanne	Jumatano	Murwa wa Kanne	Murwa wa Katano	Jumamosi	Jumapiri
luy	abbreviated	J3	J4	J5	Al	Ij	J1	J2
mai	wide	सोम दिन	मंगल दिन	बुध दिन	बृहस्पति दिन	शुक्र दिन	शनि दिन	रवि दिन
mai	abbreviated	सोम	मंगल	बुध	गुरु	शुक्र	शनि	रवि
mas	wide	Jumatátu	Jumane	Jumatánɔ	Alaámisi	Jumáa	Jumamósi	Jumapílí
mas	abbreviated	Jtt	Jnn	Jtn	Alh	Iju	Jmo	Jpi
mas-TZ	wide	Jumatátu	Jumane	Jumatánɔ	Alaámisi	Jumáa	Jumamósi	Jumapílí
mas-TZ	abbreviated	Jtt	Jnn	Jtn	Alh	Iju	Jmo	Jpi
mdf	wide	Mon	Tue	Wed	Thu	Fri	Sat	Sun
mdf	abbreviated	Mon	Tue	Wed	Thu	Fri	Sat	Sun
mer	wide	Muramuko	Wairi	Wethatu	Wena	Wetano	Jumamosi	Kiumia
mer	abbreviated	MRA	WAI	WET	WEN	WTN	JUM	KIU
mfe	wide	lindi	mardi	merkredi	zedi	vandredi	samdi	dimans
mfe	abbreviated	lin	mar	mer	ze	van	sam	dim
mg	wide	Alatsinainy	Talata	Alarobia	Alakamisy	Zoma	Asabotsy	Alahady
mg	abbreviated	Alats	Tal	Alar	Alak	Zom	Asab	Alah
mgh	wide	Jumatatu	Jumanne	Jumatano	Arahamisi	Ijumaa	Jumamosi	Sabato
mgh	abbreviated	Jtt	Jnn	Jtn	Ara	Iju	Jmo	Sab
mgo	wide	Aneg 2	Aneg 3	Aneg 4	Aneg 5	Aneg 6	Aneg 7	Aneg 1
mgo	abbreviated	Aneg 2	Aneg 3	Aneg 4	Aneg 5	Aneg 6	Aneg 7	Aneg 1
mhn	wide	Mon	Tue	Wed	Thu	Fri	Sat	Sun
mhn	abbreviated	Mon	Tue	Wed	Thu	Fri	Sat	Sun
mi	wide	Mane	Tūrei	Wenerei	Tāite	Paraire	Rāhoroi	Rātapu
mi	abbreviated	Man	Tūr	Wen	Tāi	Par	Rāh	Rāt
mic	wide	Mon	Tue	Wed	Thu	Fri	Sat	Sun
mic	abbreviated	Mon	Tue	Wed	Thu	Fri	Sat	Sun
mk	wide	понеделник	вторник	среда	четврток	петок	сабота	недела
mk	abbreviated	пон.	вто.	сре.	чет.	пет.	саб.	нед.
ml	wide	തിങ്കളാഴ്‌ച	ചൊവ്വാഴ്ച	ബുധനാഴ്‌ച	വ്യാഴാഴ്‌ച	വെള്ളിയാഴ്‌ച	ശനിയാഴ്‌ച	ഞായറാഴ്‌ച
ml	abbreviated	തിങ്കൾ	ചൊവ്വ	ബുധൻ	വ്യാഴം	വെള്ളി	ശനി	ഞായർ
mn	wide	даваа	мягмар	лхагва	пүрэв	баасан	бямба	ням
mn	abbreviated	Да	Мя	Лх	Пү	Ба	Бя	Ня
mn-Mong	wide	Mon	Tue	Wed	Thu	Fri	Sat	Sun
mn-Mong	abbreviated	Mon	Tue	Wed	Thu	Fri	Sat	Sun
mn-Mong-MN	wide	ᠳᠠᠸᠠ	ᠮᠢᠠᠠᠮᠠᠷ	ᡀᠠᠭᠪᠠ	ᠫᠦᠷᠪᠦ	ᠪᠠᠰᠠᠩ	ᠪᠢᠮᠪᠠ	ᠨᠢᠮ᠎ᠠ
mn-Mong-MN	abbreviated	ᠲᠠ	ᠮᠢᠭ	ᡀᠠ	ᠫᠥᠷ	ᠪᠠ	ᠪᠢᠮ	ᠨᠢ
mni	wide	নিংথৌকাবা	লৈবাকপোকপা	য়ুমশকৈশা	শগোলশেন	ইরাই	থাংজ	নোংমাইজিং
mni	abbreviated	নিংথৌকাবা	লৈবাকপোকপা	য়ুমশকৈশা	শগোলশেন	ইরাই	থাংজ	নোংমাইজিং
mni-Beng	wide	নিংথৌকাবা	লৈবাকপোকপা	য়ুমশকৈশা	শগোলশেন	ইরাই	থাংজ	নোংমাইজিং
mni-Beng	abbreviated	নিংথৌকাবা	লৈবাকপোকপা	য়ুমশকৈশা	শগোলশেন	ইরাই	থাংজ	নোংমাইজিং
mni-Mtei	wide	Mon	Tue	Wed	Thu	Fri	Sat	Sun
mni-Mtei	abbreviated	Mon	Tue	Wed	Thu	Fri	Sat	Sun
moh	wide	Mon	Tue	Wed	Thu	Fri	Sat	Sun
moh	abbreviated	Mon	Tue	Wed	Thu	Fri	Sat	Sun
mr	wide	सोमवार	मंगळवार	बुधवार	गुरुवार	शुक्रवार	शनिवार	रविवार
mr	abbreviated	सोम	मंगळ	बुध	गुरु	शुक्र	शनि	रवि
ms	wide	Isnin	Selasa	Rabu	Khamis	Jumaat	Sabtu	Ahad
ms	abbreviated	Isn	Sel	Rab	Kha	Jum	Sab	Ahd
ms-Arab	wide	Mon	Tue	Wed	Thu	Fri	Sat	Sun
ms-Arab	abbreviated	Mon	Tue	Wed	Thu	Fri	Sat	Sun
ms-Arab-BN	wide	Mon	Tue	Wed	Thu	Fri	Sat	Sun
ms-Arab-BN	abbreviated	Mon	Tue	Wed	Thu	Fri	Sat	Sun
ms-BN	wide	Isnin	Selasa	Rabu	Khamis	Jumaat	Sabtu	Ahad
ms-BN	abbreviated	Isn	Sel	Rab	Kha	Jum	Sab	Ahd
ms-ID	wide	Isnin	Selasa	Rabu	Khamis	Jumaat	Sabtu	Ahad
ms-ID	abbreviated	Isn	Sel	Rab	Kha	Jum	Sab	Ahd
ms-SG	wide	Isnin	Selasa	Rabu	Khamis	Jumaat	Sabtu	Ahad
ms-SG	abbreviated	Isn	Sel	Rab	Kha	Jum	Sab	Ahd
mt	wide	It-Tnejn	It-Tlieta	L-Erbgħa	Il-Ħamis	Il-Ġimgħa	Is-Sibt	Il-Ħadd
mt	abbreviated	Tne	Tli	Erb	Ħam	Ġim	Sib	Ħad
mua	wide	Comlaaɗii	Comzyiiɗii	Comkolle	Comkaldǝɓlii	Comgaisuu	Comzyeɓsuu	Com’yakke
mua	abbreviated	Cla	Czi	Cko	Cka	Cga	Cze	Cya
mus	wide	Enhvteceskv	Enhvteceskv Enhvyvtke	Ennvrkvpv	Ennvrkvpv Enhvyvtke	Nak Okkoskv Nettv	Nettv Cakʼcuse	Nettvʼcako
mus	abbreviated	Enhvteceskv	Enhvteceskv Enhvyvtke	Ennvrkvpv	Ennvrkvpv Enhvyvtke	Nak Okkoskv Nettv	Nettv Cakʼcuse	Nettvʼcako
my	wide	တနင်္လာ	အင်္ဂါ	ဗုဒ္ဓဟူး	ကြာသပတေး	သောကြာ	စနေ	တနင်္ဂနွေ
my	abbreviated	တနင်္လာ	အင်္ဂါ	ဗုဒ္ဓဟူး	ကြာသပတေး	သောကြာ	စနေ	တနင်္ဂနွေ
myv	wide	Mon	Tue	Wed	Thu	Fri	Sat	Sun
myv	abbreviated	Mon	Tue	Wed	Thu	Fri	Sat	Sun
mzn	wide	Mon	Tue	Wed	Thu	Fri	Sat	Sun
mzn	abbreviated	Mon	Tue	Wed	Thu	Fri	Sat	Sun
naq	wide	Mantaxtsees	Denstaxtsees	Wunstaxtsees	Dondertaxtsees	Fraitaxtsees	Satertaxtsees	Sontaxtsees
naq	abbreviated	Ma	De	Wu	Do	Fr	Sat	Son
nb-SJ	wide	mandag	tirsdag	onsdag	torsdag	fredag	lørdag	søndag
nb-SJ	abbreviated	man.	tir.	ons.	tor.	fre.	lør.	søn.
nd	wide	Mvulo	Sibili	Sithathu	Sine	Sihlanu	Mgqibelo	Sonto
nd	abbreviated	Mvu	Sib	Sit	Sin	Sih	Mgq	Son
nds	wide	Maandag	Dingsdag	Middeweken	Dunnersdag	Freedag	Sünnavend	Sünndag
nds	abbreviated	Maandag	Dingsdag	Middeweken	Dunnersdag	Freedag	Sünnavend	Sünndag
nds-NL	wide	Maandag	Dingsdag	Middeweken	Dunnersdag	Freedag	Sünnavend	Sünndag
nds-NL	abbreviated	Maandag	Dingsdag	Middeweken	Dunnersdag	Freedag	Sünnavend	Sünndag
ne	wide	सोमबार	मङ्गलबार	बुधबार	बिहिबार	शुक्रबार	शनिबार	आइतबार
ne	abbreviated	सोम	मङ्गल	बुध	बिहि	शुक्र	शनि	आइत
ne-IN	wide	सोमबार	मङ्गलबार	बुधबार	बिहिबार	शुक्रबार	शनिबार	आइतबार
ne-IN	abbreviated	सोम	मङ्गल	बुध	बिहि	शुक्र	शनि	आइत
nl-AW	wide	maandag	dinsdag	woensdag	donderdag	vrijdag	zaterdag	zondag
nl-AW	abbreviated	ma	di	wo	do	vr	za	zo
nl-BQ	wide	maandag	dinsdag	woensdag	donderdag	vrijdag	zaterdag	zondag
nl-BQ	abbreviated	ma	di	wo	do	vr	za	zo
nl-CW	wide	maandag	dinsdag	woensdag	donderdag	vrijdag	zaterdag	zondag
nl-CW	abbreviated	ma	di	wo	do	vr	za	zo
nl-SR	wide	maandag	dinsdag	woensdag	donderdag	vrijdag	zaterdag	zondag
nl-SR	abbreviated	ma	di	wo	do	vr	za	zo
nl-SX	wide	maandag	dinsdag	woensdag	donderdag	vrijdag	zaterdag	zondag
nl-SX	abbreviated	ma	di	wo	do	vr	za	zo
nmg	wide	mɔ́ndɔ	sɔ́ndɔ mafú mába	sɔ́ndɔ mafú málal	sɔ́ndɔ mafú mána	mabágá má sukul	sásadi	sɔ́ndɔ
nmg	abbreviated	mɔ́n	smb	sml	smn	mbs	sas	sɔ́n
nnh	wide	mvfò lyɛ̌ʼ	mbɔ́ɔntè mvfò lyɛ̌ʼ	tsètsɛ̀ɛ lyɛ̌ʼ	mbɔ́ɔntè tsetsɛ̀ɛ lyɛ̌ʼ	mvfò màga lyɛ̌ʼ	màga lyɛ̌ʼ	lyɛʼɛ́ sẅíŋtè
nnh	abbreviated	mvfò lyɛ̌ʼ	mbɔ́ɔntè mvfò lyɛ̌ʼ	tsètsɛ̀ɛ lyɛ̌ʼ	mbɔ́ɔntè tsetsɛ̀ɛ lyɛ̌ʼ	mvfò màga lyɛ̌ʼ	màga lyɛ̌ʼ	lyɛʼɛ́ sẅíŋtè
no	wide	mandag	tirsdag	onsdag	torsdag	fredag	lørdag	søndag
no	abbreviated	man.	tir.	ons.	tor.	fre.	lør.	søn.
nqo	wide	ߞߐ߬ߓߊ߬ߟߏ߲	ߞߐ߬ߟߏ߲	ߞߎߣߎ߲ߟߏ߲	ߓߌߟߏ߲	ߛߌ߬ߣߌ߲߬ߟߏ߲	ߞߍ߲ߘߍߟߏ߲	ߞߊ߯ߙߌߟߏ߲
nqo	abbreviated	ߞߐ߬ߓ	ߞߐ߬ߟߏ߲	ߞߎߣ	ߓߌߟ	ߛߌ߬ߣ	ߞߍ߲ߘ	ߞߊ߯ߙ
nr	wide	Mon	Tue	Wed	Thu	Fri	Sat	Sun
nr	abbreviated	Mon	Tue	Wed	Thu	Fri	Sat	Sun
nso	wide	Mošupologo	Labobedi	Laboraro	Labone	Labohlano	Mokibelo	Lamorena
nso	abbreviated	Mos	Bed	Rar	Ne	Hla	Mok	Lam
nus	wide	Jiec la̱t	Rɛw lätni	Diɔ̱k lätni	Ŋuaan lätni	Dhieec lätni	Bäkɛl lätni	Cäŋ kuɔth
nus	abbreviated	Jiec	Rɛw	Diɔ̱k	Ŋuaan	Dhieec	Bäkɛl	Cäŋ
nv	wide	Mon	Tue	Wed	Thu	Fri	Sat	Sun
nv	abbreviated	Mon	Tue	Wed	Thu	Fri	Sat	Sun
ny	wide	Mon	Tue	Wed	Thu	Fri	Sat	Sun
ny	abbreviated	Mon	Tue	Wed	Thu	Fri	Sat	Sun
nyn	wide	Orwokubanza	Orwakabiri	Orwakashatu	Orwakana	Orwakataano	Orwamukaaga	Sande
nyn	abbreviated	ORK	OKB	OKS	OKN	OKT	OMK	SAN
oc	wide	diluns	dimars	dimècres	dijòus	divendres	dissabte	dimenge
oc	abbreviated	diluns	dimars	dimècres	dijòus	divendres	dissabte	dimenge
oc-ES	wide	diluns	dimars	dimècres	dijòus	divendres	dissabte	dimenge
oc-ES	abbreviated	diluns	dimars	dimècres	dijòus	divendres	dissabte	dimenge
om	wide	Wiixata	Kibxata	Roobii	Kamisa	Jimaata	Sanbata	Dilbata
om	abbreviated	Wix	Kib	Rob	Kam	Jim	San	Dil
om-KE	wide	Wiixata	Kibxata	Roobii	Kamisa	Jimaata	Sanbata	Dilbata
om-KE	abbreviated	Wix	Kib	Rob	Kam	Jim	San	Dil
or	wide	ସୋମବାର	ମଙ୍ଗଳବାର	ବୁଧବାର	ଗୁରୁବାର	ଶୁକ୍ରବାର	ଶନିବାର	ରବିବାର
or	abbreviated	ସୋମ	ମଙ୍ଗଳ	ବୁଧ	ଗୁରୁ	ଶୁକ୍ର	ଶନି	ରବି
os	wide	къуырисӕр	дыццӕг	ӕртыццӕг	цыппӕрӕм	майрӕмбон	сабат	хуыцаубон
os	abbreviated	крс	дцг	ӕрт	цпр	мрб	сбт	хцб
os-RU	wide	къуырисӕр	дыццӕг	ӕртыццӕг	цыппӕрӕм	майрӕмбон	сабат	хуыцаубон
os-RU	abbreviated	крс	дцг	ӕрт	цпр	мрб	сбт	хцб
osa	wide	𐒹𐓘͘𐓬𐓘 𐓄𐓘𐓡𐓛͘𐓧𐓣	𐒹𐓘͘𐓬𐓘 𐓏𐓟𐓵𐓪͘𐓬𐓘	𐒹𐓘͘𐓬𐓘 𐓏𐓟𐓵𐓘𐓜𐓣	𐒹𐓘͘𐓬𐓘 𐓏𐓟𐓰𐓪𐓬𐓘	𐒹𐓘͘𐓬𐓘 𐓈𐓘 𐓵𐓘𐓲𐓘 𐓻𐓣͘	𐒹𐓘͘𐓬𐓘 𐓂𐓤𐓘𐓸𐓟 𐓣͘𐓤𐓟	𐒹𐓘͘𐓬𐓘 𐓏𐓘𐓤𐓘͘𐓰𐓘𐓤𐓣
osa	abbreviated	𐒹𐓘͘𐓬𐓘 𐓄𐓘𐓡𐓛͘𐓧𐓣	𐒹𐓘͘𐓬𐓘 𐓏𐓟𐓵𐓪͘𐓬𐓘	𐒹𐓘͘𐓬𐓘 𐓏𐓟𐓵𐓘𐓜𐓣	𐒹𐓘͘𐓬𐓘 𐓏𐓟𐓰𐓪𐓬𐓘	𐒹𐓘͘𐓬𐓘 𐓈𐓘 𐓵𐓘𐓲𐓘 𐓻𐓣͘	𐒹𐓘͘𐓬𐓘 𐓂𐓤𐓘𐓸𐓟 𐓣͘𐓤𐓟	𐒹𐓘͘𐓬𐓘 𐓏𐓘𐓤𐓘͘𐓰𐓘𐓤𐓣
pa	wide	ਸੋਮਵਾਰ	ਮੰਗਲਵਾਰ	ਬੁੱਧਵਾਰ	ਵੀਰਵਾਰ	ਸ਼ੁੱਕਰਵਾਰ	ਸ਼ਨਿੱਚਰਵਾਰ	ਐਤਵਾਰ
pa	abbreviated	ਸੋਮ	ਮੰਗਲ	ਬੁੱਧ	ਵੀਰ	ਸ਼ੁੱਕਰ	ਸ਼ਨਿੱਚਰ	ਐਤ
pa-Arab	wide	پیر	منگل	بُدھ	جمعرات	جمعہ	ہفتہ	اتوار
pa-Arab	abbreviated	پیر	منگل	بُدھ	جمعرات	جمعہ	ہفتہ	اتوار
pa-Guru	wide	ਸੋਮਵਾਰ	ਮੰਗਲਵਾਰ	ਬੁੱਧਵਾਰ	ਵੀਰਵਾਰ	ਸ਼ੁੱਕਰਵਾਰ	ਸ਼ਨਿੱਚਰਵਾਰ	ਐਤਵਾਰ
pa-Guru	abbreviated	ਸੋਮ	ਮੰਗਲ	ਬੁੱਧ	ਵੀਰ	ਸ਼ੁੱਕਰ	ਸ਼ਨਿੱਚਰ	ਐਤ
pap	wide	djaluna	djamars	djarason	djaweps	djabièrnè	djasabra	djadumingu
pap	abbreviated	djaluna	djamars	djarason	djaweps	djabièrnè	djasabra	djadumingu
pap-AW	wide	djaluna	djamars	djarason	djaweps	djabièrnè	djasabra	djadumingu
pap-AW	abbreviated	djaluna	djamars	djarason	djaweps	djabièrnè	djasabra	djadumingu
pcm	wide	Mọ́ndè	Tiúzdè	Wẹ́nẹ́zdè	Tọ́zdè	Fraídè	Sátọdè	Sọ́ndè
pcm	abbreviated	Mọ́n	Tiú	Wẹ́n	Tọ́z	Fraí	Sát	Sọ́n
pis	wide	Mande	Tiusde	Wenesde	Tosde	Fraede	Satade	Sande
pis	abbreviated	Mande	Tiusde	Wenesde	Tosde	Fraede	Satade	Sande
prg	wide	panadīli	wisasīdis	pussisawaiti	ketwirtiks	pēntniks	sabattika	nadīli
prg	abbreviated	panadīli	wisasīdis	pussisawaiti	ketwirtiks	pēntniks	sabattika	nadīli
ps	wide	دونۍ	درېنۍ	څلرنۍ	پينځنۍ	جمعه	اونۍ	يونۍ
ps	abbreviated	دونۍ	درېنۍ	څلرنۍ	پينځنۍ	جمعه	اونۍ	يونۍ
ps-PK	wide	دونۍ	درېنۍ	څلرنۍ	پينځنۍ	جمعه	اونۍ	يونۍ
ps-PK	abbreviated	دونۍ	درېنۍ	څلرنۍ	پينځنۍ	جمعه	اونۍ	يونۍ
pt-AO	wide	segunda-feira	terça-feira	quarta-feira	quinta-feira	sexta-feira	sábado	domingo
pt-AO	abbreviated	segunda	terça	quarta	quinta	sexta	sábado	domingo
pt-CH	wide	segunda-feira	terça-feira	quarta-feira	quinta-feira	sexta-feira	sábado	domingo
pt-CH	abbreviated	segunda	terça	quarta	quinta	sexta	sábado	domingo
pt-CV	wide	segunda-feira	terça-feira	quarta-feira	quinta-feira	sexta-feira	sábado	domingo
pt-CV	abbreviated	segunda	terça	quarta	quinta	sexta	sábado	domingo
pt-GQ	wide	segunda-feira	terça-feira	quarta-feira	quinta-feira	sexta-feira	sábado	domingo
pt-GQ	abbreviated	segunda	terça	quarta	quinta	sexta	sábado	domingo
pt-GW	wide	segunda-feira	terça-feira	quarta-feira	quinta-feira	sexta-feira	sábado	domingo
pt-GW	abbreviated	segunda	terça	quarta	quinta	sexta	sábado	domingo
pt-LU	wide	segunda-feira	terça-feira	quarta-feira	quinta-feira	sexta-feira	sábado	domingo
pt-LU	abbreviated	segunda	terça	quarta	quinta	sexta	sábado	domingo
pt-MO	wide	segunda-feira	terça-feira	quarta-feira	quinta-feira	sexta-feira	sábado	domingo
pt-MO	abbreviated	segunda	terça	quarta	quinta	sexta	sábado	domingo
pt-MZ	wide	segunda-feira	terça-feira	quarta-feira	quinta-feira	sexta-feira	sábado	domingo
pt-MZ	abbreviated	segunda	terça	quarta	quinta	sexta	sábado	domingo
pt-PT	wide	segunda-feira	terça-feira	quarta-feira	quinta-feira	sexta-feira	sábado	domingo
pt-PT	abbreviated	segunda	terça	quarta	quinta	sexta	sábado	domingo
pt-ST	wide	segunda-feira	terça-feira	quarta-feira	quinta-feira	sexta-feira	sábado	domingo
pt-ST	abbreviated	segunda	terça	quarta	quinta	sexta	sábado	domingo
pt-TL	wide	segunda-feira	terça-feira	quarta-feira	quinta-feira	sexta-feira	sábado	domingo
pt-TL	abbreviated	segunda	terça	quarta	quinta	sexta	sábado	domingo
qu	wide	Lunes	Martes	Miércoles	Jueves	Viernes	Sábado	Domingo
qu	abbreviated	Lun	Mar	Mié	Jue	Vie	Sab	Dom
qu-BO	wide	Lunes	Martes	Miércoles	Jueves	Viernes	Sábado	Domingo
qu-BO	abbreviated	Lun	Mar	Mié	Jue	Vie	Sab	Dom
qu-EC	wide	Lunes	Martes	Miércoles	Jueves	Viernes	Sábado	Domingo
qu-EC	abbreviated	Lun	Mar	Mié	Jue	Vie	Sab	Dom
quc	wide	Mon	Tue	Wed	Thu	Fri	Sat	Sun
quc	abbreviated	Mon	Tue	Wed	Thu	Fri	Sat	Sun
raj	wide	सोमवार	मंगलवार	बुधवार	गुरुवार	शुक्रवार	शनिवार	रविवार
raj	abbreviated	सोमवार	मंगलवार	बुधवार	गुरुवार	शुक्रवार	शनिवार	रविवार
rhg	wide	Mon	Tue	Wed	Thu	Fri	Sat	Sun
rhg	abbreviated	Mon	Tue	Wed	Thu	Fri	Sat	Sun
rhg-Rohg	wide	Mon	Tue	Wed	Thu	Fri	Sat	Sun
rhg-Rohg	abbreviated	Mon	Tue	Wed	Thu	Fri	Sat	Sun
rhg-Rohg-BD	wide	Mon	Tue	Wed	Thu	Fri	Sat	Sun
rhg-Rohg-BD	abbreviated	Mon	Tue	Wed	Thu	Fri	Sat	Sun
rif	wide	Mon	Tue	Wed	Thu	Fri	Sat	Sun
rif	abbreviated	Mon	Tue	Wed	Thu	Fri	Sat	Sun
rm	wide	glindesdi	mardi	mesemna	gievgia	venderdi	sonda	dumengia
rm	abbreviated	gli	ma	me	gie	ve	so	du
rn	wide	Ku wa mbere	Ku wa kabiri	Ku wa gatatu	Ku wa kane	Ku wa gatanu	Ku wa gatandatu	Ku w’indwi
rn	abbreviated	mbe.	kab.	gtu.	kan.	gnu.	gnd.	cu.
ro-MD	wide	luni	marți	miercuri	joi	vineri	sâmbătă	duminică
ro-MD	abbreviated	Lun	Mar	Mie	Joi	Vin	Sâm	Dum
rof	wide	Ijumatatu	Ijumanne	Ijumatano	Alhamisi	Ijumaa	Ijumamosi	Ijumapili
rof	abbreviated	Ijt	Ijn	Ijtn	Alh	Iju	Ijm	Ijp
ru-BY	wide	понедельник	вторник	среда	четверг	пятница	суббота	воскресенье
ru-BY	abbreviated	пн	вт	ср	чт	пт	сб	вс
ru-KG	wide	понедельник	вторник	среда	четверг	пятница	суббота	воскресенье
ru-KG	abbreviated	пн	вт	ср	чт	пт	сб	вс
ru-KZ	wide	понедельник	вторник	среда	четверг	пятница	суббота	воскресенье
ru-KZ	abbreviated	пн	вт	ср	чт	пт	сб	вс
ru-MD	wide	понедельник	вторник	среда	четверг	пятница	суббота	воскресенье
ru-MD	abbreviated	пн	вт	ср	чт	пт	сб	вс
ru-UA	wide	понедельник	вторник	среда	четверг	пятница	суббота	воскресенье
ru-UA	abbreviated	пн	вт	ср	чт	пт	сб	вс
rw	wide	Kuwa mbere	Kuwa kabiri	Kuwa gatatu	Kuwa kane	Kuwa gatanu	Kuwa gatandatu	Ku cyumweru
rw	abbreviated	mbe.	kab.	gtu.	kan.	gnu.	gnd.	cyu.
rwk	wide	Jumatatuu	Jumanne	Jumatanu	Alhamisi	Ijumaa	Jumamosi	Jumapilyi
rwk	abbreviated	Jtt	Jnn	Jtn	Alh	Iju	Jmo	Jpi
sa	wide	सोमवासरः	मंगलवासरः	बुधवासरः	गुरुवासर:	शुक्रवासरः	शनिवासरः	रविवासरः
sa	abbreviated	सोम	मंगल	बुध	गुरु	शुक्र	शनि	रवि
sah	wide	бэнидиэнньик	оптуорунньук	сэрэдэ	чэппиэр	Бээтиҥсэ	субуота	баскыһыанньа
sah	abbreviated	бн	оп	сэ	чп	бэ	сб	бс
saq	wide	Mderot ee kuni	Mderot ee ong’wan	Mderot ee inet	Mderot ee ile	Mderot ee sapa	Mderot ee kwe	Mderot ee are
saq	abbreviated	Kun	Ong	Ine	Ile	Sap	Kwe	Are
sat	wide	ᱚᱛᱮ	ᱵᱟᱞᱮ	ᱥᱟᱹᱜᱩᱱ	ᱥᱟᱹᱨᱫᱤ	ᱡᱟᱹᱨᱩᱢ	ᱧᱩᱦᱩᱢ	ᱥᱤᱸᱜᱮ
sat	abbreviated	ᱚᱛ	ᱵᱟ	ᱥᱟᱹ	ᱥᱟᱹᱨ	ᱡᱟᱹ	ᱧᱩ	ᱥᱤᱸ
sat-Deva	wide	Mon	Tue	Wed	Thu	Fri	Sat	Sun
sat-Deva	abbreviated	Mon	Tue	Wed	Thu	Fri	Sat	Sun
sat-Olck	wide	ᱚᱛᱮ	ᱵᱟᱞᱮ	ᱥᱟᱹᱜᱩᱱ	ᱥᱟᱹᱨᱫᱤ	ᱡᱟᱹᱨᱩᱢ	ᱧᱩᱦᱩᱢ	ᱥᱤᱸᱜᱮ
sat-Olck	abbreviated	ᱚᱛ	ᱵᱟ	ᱥᱟᱹ	ᱥᱟᱹᱨ	ᱡᱟᱹ	ᱧᱩ	ᱥᱤᱸ
sbp	wide	Jumatatu	Jumanne	Jumatano	Alahamisi	Ijumaa	Jumamosi	Mulungu
sbp	abbreviated	Jtt	Jnn	Jtn	Alh	Iju	Jmo	Mul
sc	wide	lunis	martis	mèrcuris	giòbia	chenàbura	sàbadu	domìniga
sc	abbreviated	lun	mar	mèr	giò	che	sàb	dom
scn	wide	Mon	Tue	Wed	Thu	Fri	Sat	Sun
scn	abbreviated	Mon	Tue	Wed	Thu	Fri	Sat	Sun
sd	wide	سومر	اڱارو	اربع	خميس	جمعو	ڇنڇر	آچر
sd	abbreviated	سومر	اڱارو	اربع	خميس	جمعو	ڇنڇر	آچر
sd-Arab	wide	سومر	اڱارو	اربع	خميس	جمعو	ڇنڇر	آچر
sd-Arab	abbreviated	سومر	اڱارو	اربع	خميس	جمعو	ڇنڇر	آچر
sd-Deva	wide	सूमर	मंगलु	ॿुधर	विस्पत	जुमो	छंछर	आर्तवार
sd-Deva	abbreviated	सू	मंग	बु॒ध	विस	जुम	छंछ	आर्त
sdh	wide	Mon	Tue	Wed	Thu	Fri	Sat	Sun
sdh	abbreviated	Mon	Tue	Wed	Thu	Fri	Sat	Sun
sdh-IQ	wide	Mon	Tue	Wed	Thu	Fri	Sat	Sun
sdh-IQ	abbreviated	Mon	Tue	Wed	Thu	Fri	Sat	Sun
se	wide	vuossárga	maŋŋebárga	gaskavahkku	duorasdat	bearjadat	lávvardat	sotnabeaivi
se	abbreviated	vuos	maŋ	gask	duor	bear	láv	sotn
se-FI	wide	mánnodat	disdat	gaskavahkku	duorastat	bearjadat	lávvordat	sotnabeaivi
se-FI	abbreviated	má	di	ga	du	be	lá	so
se-SE	wide	vuossárga	maŋŋebárga	gaskavahkku	duorasdat	bearjadat	lávvardat	sotnabeaivi
se-SE	abbreviated	vuos	maŋ	gask	duor	bear	láv	sotn
seh	wide	Chiposi	Chipiri	Chitatu	Chinai	Chishanu	Sabudu	Dimingu
seh	abbreviated	Pos	Pir	Tat	Nai	Sha	Sab	Dim
ses	wide	Atinni	Atalaata	Alarba	Alhamiisa	Alzuma	Asibti	Alhadi
ses	abbreviated	Ati	Ata	Ala	Alm	Alz	Asi	Alh
sg	wide	Bïkua-ûse	Bïkua-ptâ	Bïkua-usïö	Bïkua-okü	Lâpôsö	Lâyenga	Bikua-ôko
sg	abbreviated	Bk2	Bk3	Bk4	Bk5	Lâp	Lây	Bk1
shi	wide	ⴰⵢⵏⴰⵙ	ⴰⵙⵉⵏⴰⵙ	ⴰⴽⵕⴰⵙ	ⴰⴽⵡⴰⵙ	ⵙⵉⵎⵡⴰⵙ	ⴰⵙⵉⴹⵢⴰⵙ	ⴰⵙⴰⵎⴰⵙ
shi	abbreviated	ⴰⵢⵏ	ⴰⵙⵉ	ⴰⴽⵕ	ⴰⴽⵡ	ⴰⵙⵉⵎ	ⴰⵙⵉⴹ	ⴰⵙⴰ
shi-Latn	wide	aynas	asinas	akṛas	akwas	asimwas	asiḍyas	asamas
shi-Latn	abbreviated	ayn	asi	akṛ	akw	asim	asiḍ	asa
shi-Tfng	wide	ⴰⵢⵏⴰⵙ	ⴰⵙⵉⵏⴰⵙ	ⴰⴽⵕⴰⵙ	ⴰⴽⵡⴰⵙ	ⵙⵉⵎⵡⴰⵙ	ⴰⵙⵉⴹⵢⴰⵙ	ⴰⵙⴰⵎⴰⵙ
shi-Tfng	abbreviated	ⴰⵢⵏ	ⴰⵙⵉ	ⴰⴽⵕ	ⴰⴽⵡ	ⴰⵙⵉⵎ	ⴰⵙⵉⴹ	ⴰⵙⴰ
shn	wide	Mon	Tue	Wed	Thu	Fri	Sat	Sun
shn	abbreviated	Mon	Tue	Wed	Thu	Fri	Sat	Sun
shn-TH	wide	Mon	Tue	Wed	Thu	Fri	Sat	Sun
shn-TH	abbreviated	Mon	Tue	Wed	Thu	Fri	Sat	Sun
si	wide	සඳුදා	අඟහරුවාදා	බදාදා	බ්‍රහස්පතින්දා	සිකුරාදා	සෙනසුරාදා	ඉරිදා
si	abbreviated	සඳුදා	අඟහ	බදාදා	බ්‍රහස්	සිකු	සෙන	ඉරිදා
sid	wide	Mon	Tue	Wed	Thu	Fri	Sat	Sun
sid	abbreviated	Mon	Tue	Wed	Thu	Fri	Sat	Sun
skr	wide	Mon	Tue	Wed	Thu	Fri	Sat	Sun
skr	abbreviated	Mon	Tue	Wed	Thu	Fri	Sat	Sun
sma	wide	Mon	Tue	Wed	Thu	Fri	Sat	Sun
sma	abbreviated	Mon	Tue	Wed	Thu	Fri	Sat	Sun
sma-NO	wide	Mon	Tue	Wed	Thu	Fri	Sat	Sun
sma-NO	abbreviated	Mon	Tue	Wed	Thu	Fri	Sat	Sun
smj	wide	Mon	Tue	Wed	Thu	Fri	Sat	Sun
smj	abbreviated	Mon	Tue	Wed	Thu	Fri	Sat	Sun
smj-NO	wide	Mon	Tue	Wed	Thu	Fri	Sat	Sun
smj-NO	abbreviated	Mon	Tue	Wed	Thu	Fri	Sat	Sun
smn	wide	vuossaargâ	majebaargâ	koskoho	tuorâstuv	vástuppeeivi	lávurduv	pasepeeivi
smn	abbreviated	vuo	maj	kos	tuo	vás	láv	pas
sms	wide	Mon	Tue	Wed	Thu	Fri	Sat	Sun
sms	abbreviated	Mon	Tue	Wed	Thu	Fri	Sat	Sun
sn	wide	Muvhuro	Chipiri	Chitatu	China	Chishanu	Mugovera	Svondo
sn	abbreviated	Muv	Chp	Cht	Chn	Chs	Mug	Svo
so	wide	Isniin	Talaado	Arbaco	Khamiis	Jimco	Sabti	Axad
so	abbreviated	Isn	Tldo	Arbc	Khms	Jmc	Sbti	Axd
so-DJ	wide	Isniin	Talaado	Arbaco	Khamiis	Jimco	Sabti	Axad
so-DJ	abbreviated	Isn	Tldo	Arbc	Khms	Jmc	Sbti	Axd
so-ET	wide	Isniin	Talaado	Arbaco	Khamiis	Jimco	Sabti	Axad
so-ET	abbreviated	Isn	Tldo	Arbc	Khms	Jmc	Sbti	Axd
so-KE	wide	Isniin	Talaado	Arbaco	Khamiis	Jimco	Sabti	Axad
so-KE	abbreviated	Isn	Tldo	Arbc	Khms	Jmc	Sbti	Axd
sq	wide	e hënë	e martë	e mërkurë	e enjte	e premte	e shtunë	e diel
sq	abbreviated	hën	mar	mër	enj	pre	sht	die
sq-MK	wide	e hënë	e martë	e mërkurë	e enjte	e premte	e shtunë	e diel
sq-MK	abbreviated	hën	mar	mër	enj	pre	sht	die
sq-XK	wide	e hënë	e martë	e mërkurë	e enjte	e premte	e shtunë	e diel
sq-XK	abbreviated	hën	mar	mër	enj	pre	sht	die
sr	wide	понедељак	уторак	среда	четвртак	петак	субота	недеља
sr	abbreviated	пон	уто	сре	чет	пет	суб	нед
sr-Cyrl	wide	понедељак	уторак	среда	четвртак	петак	субота	недеља
sr-Cyrl	abbreviated	пон	уто	сре	чет	пет	суб	нед
sr-Cyrl-BA	wide	понедјељак	уторак	сриједа	четвртак	петак	субота	недјеља
sr-Cyrl-BA	abbreviated	пон	уто	сри	чет	пет	суб	нед
sr-Cyrl-ME	wide	понедељак	уторак	сриједа	четвртак	петак	субота	недјеља
sr-Cyrl-ME	abbreviated	пон	уто	сре	чет	пет	суб	нед
sr-Cyrl-XK	wide	понедељак	уторак	среда	четвртак	петак	субота	недеља
sr-Cyrl-XK	abbreviated	пон	уто	сре	чет	пет	суб	нед
sr-Latn-BA	wide	ponedjeljak	utorak	srijeda	četvrtak	petak	subota	nedjelja
sr-Latn-BA	abbreviated	pon	uto	sri	čet	pet	sub	ned
sr-Latn-ME	wide	ponedeljak	utorak	srijeda	četvrtak	petak	subota	nedjelja
sr-Latn-ME	abbreviated	pon	uto	sre	čet	pet	sub	ned
sr-Latn-XK	wide	ponedeljak	utorak	sreda	četvrtak	petak	subota	nedelja
sr-Latn-XK	abbreviated	pon	uto	sre	čet	pet	sub	ned
ss	wide	Mon	Tue	Wed	Thu	Fri	Sat	Sun
ss	abbreviated	Mon	Tue	Wed	Thu	Fri	Sat	Sun
ss-SZ	wide	Mon	Tue	Wed	Thu	Fri	Sat	Sun
ss-SZ	abbreviated	Mon	Tue	Wed	Thu	Fri	Sat	Sun
ssy	wide	Mon	Tue	Wed	Thu	Fri	Sat	Sun
ssy	abbreviated	Mon	Tue	Wed	Thu	Fri	Sat	Sun
st	wide	Mantaha	Labobedi	Laboraro	Labone	Labohlano	Moqebelo	Sontaha
st	abbreviated	Mma	Bed	Rar	Ne	Hla	Moq	Son
st-LS	wide	Mantaha	Labobedi	Laboraro	Labone	Labohlano	Moqebelo	Sontaha
st-LS	abbreviated	Mma	Bed	Rar	Ne	Hla	Moq	Son
su	wide	Senén	Salasa	Rebo	Kemis	Jumaah	Saptu	Minggu
su	abbreviated	Sen	Sal	Reb	Kem	Jum	Sap	Mng
su-Latn	wide	Senén	Salasa	Rebo	Kemis	Jumaah	Saptu	Minggu
su-Latn	abbreviated	Sen	Sal	Reb	Kem	Jum	Sap	Mng
sv-AX	wide	måndag	tisdag	onsdag	torsdag	fredag	lördag	söndag
sv-AX	abbreviated	mån	tis	ons	tors	fre	lör	sön
sv-FI	wide	måndag	tisdag	onsdag	torsdag	fredag	lördag	söndag
sv-FI	abbreviated	mån	tis	ons	tors	fre	lör	sön
sw	wide	Jumatatu	Jumanne	Jumatano	Alhamisi	Ijumaa	Jumamosi	Jumapili
sw	abbreviated	Jumatatu	Jumanne	Jumatano	Alhamisi	Ijumaa	Jumamosi	Jumapili
sw-CD	wide	Jumatatu	Jumanne	Jumatano	Alhamisi	Ijumaa	Jumamosi	Jumapili
sw-CD	abbreviated	Jumatatu	Jumanne	Jumatano	Alhamisi	Ijumaa	Jumamosi	Jumapili
sw-KE	wide	Jumatatu	Jumanne	Jumatano	Alhamisi	Ijumaa	Jumamosi	Jumapili
sw-KE	abbreviated	Jumatatu	Jumanne	Jumatano	Alhamisi	Ijumaa	Jumamosi	Jumapili
sw-UG	wide	Jumatatu	Jumanne	Jumatano	Alhamisi	Ijumaa	Jumamosi	Jumapili
sw-UG	abbreviated	Jumatatu	Jumanne	Jumatano	Alhamisi	Ijumaa	Jumamosi	Jumapili
syr	wide	ܬܪܝܢܒܫܒܐ	ܬܠܬܒܫܒܐ	ܐܪܒܥܒܫܒܐ	ܚܡܫܒܫܒܐ	ܥܪܘܒܬܐ	ܫܒܬܐ	ܚܕܒܫܒܐ
syr	abbreviated	ܬܪܝܢ	ܬܠܬ	ܐܪܒܥ	ܚܡܫ	ܥܪܘ	ܫܒܬܐ	ܚܕ
syr-SY	wide	ܬܪܝܢܒܫܒܐ	ܬܠܬܒܫܒܐ	ܐܪܒܥܒܫܒܐ	ܚܡܫܒܫܒܐ	ܥܪܘܒܬܐ	ܫܒܬܐ	ܚܕܒܫܒܐ
syr-SY	abbreviated	ܬܪܝܢ	ܬܠܬ	ܐܪܒܥ	ܚܡܫ	ܥܪܘ	ܫܒܬܐ	ܚܕ
szl	wide	pyńdziałek	wtorek	strzoda	sztwortek	piōntek	sobota	niydziela
szl	abbreviated	pyńdziałek	wtorek	strzoda	sztwortek	piōntek	sobota	niydziela
ta	wide	திங்கள்	செவ்வாய்	புதன்	வியாழன்	வெள்ளி	சனி	ஞாயிறு
ta	abbreviated	திங்.	செவ்.	புத.	வியா.	வெள்.	சனி	ஞாயி.
ta-LK	wide	திங்கள்	செவ்வாய்	புதன்	வியாழன்	வெள்ளி	சனி	ஞாயிறு
ta-LK	abbreviated	திங்.	செவ்.	புத.	வியா.	வெள்.	சனி	ஞாயி.
ta-MY	wide	திங்கள்	செவ்வாய்	புதன்	வியாழன்	வெள்ளி	சனி	ஞாயிறு
ta-MY	abbreviated	திங்.	செவ்.	புத.	வியா.	வெள்.	சனி	ஞாயி.
ta-SG	wide	திங்கள்	செவ்வாய்	புதன்	வியாழன்	வெள்ளி	சனி	ஞாயிறு
ta-SG	abbreviated	திங்.	செவ்.	புத.	வியா.	வெள்.	சனி	ஞாயி.
te	wide	సోమవారం	మంగళవారం	బుధవారం	గురువారం	శుక్రవారం	శనివారం	ఆదివారం
te	abbreviated	సోమ	మంగళ	బుధ	గురు	శుక్ర	శని	ఆది
teo	wide	Nakaebarasa	Nakaare	Nakauni	Nakaung’on	Nakakany	Nakasabiti	Nakaejuma
teo	abbreviated	Bar	Aar	Uni	Ung	Kan	Sab	Jum
teo-KE	wide	Nakaebarasa	Nakaare	Nakauni	Nakaung’on	Nakakany	Nakasabiti	Nakaejuma
teo-KE	abbreviated	Bar	Aar	Uni	Ung	Kan	Sab	Jum
tg	wide	Душанбе	Сешанбе	Чоршанбе	Панҷшанбе	Ҷумъа	Шанбе	Якшанбе
tg	abbreviated	Дшб	Сшб	Чшб	Пшб	Ҷмъ	Шнб	Яшб
th	wide	วันจันทร์	วันอังคาร	วันพุธ	วันพฤหัสบดี	วันศุกร์	วันเสาร์	วันอาทิตย์
th	abbreviated	จ.	อ.	พ.	พฤ.	ศ.	ส.	อา.
ti	wide	ሰኑይ	ሰሉስ	ረቡዕ	ሓሙስ	ዓርቢ	ቀዳም	ሰንበት
ti	abbreviated	ሰኑ	ሰሉ	ረቡ	ሓሙ	ዓር	ቀዳ	ሰን
ti-ER	wide	ሰኑይ	ሰሉስ	ረቡዕ	ሓሙስ	ዓርቢ	ቀዳም	ሰንበት
ti-ER	abbreviated	ሰኑ	ሰሉ	ረቡ	ሓሙ	ዓር	ቀዳ	ሰን
tig	wide	Mon	Tue	Wed	Thu	Fri	Sat	Sun
tig	abbreviated	Mon	Tue	Wed	Thu	Fri	Sat	Sun
tk	wide	duşenbe	sişenbe	çarşenbe	penşenbe	anna	şenbe	ýekşenbe
tk	abbreviated	duş	siş	çar	pen	ann	şen	ýek
tn	wide	Mosupologo	Labobedi	Laboraro	Labone	Labotlhano	Matlhatso	Tshipi
tn	abbreviated	Mos	Labb	Labr	Labn	Labt	Mat	Tsh
tn-BW	wide	Mosupologo	Labobedi	Laboraro	Labone	Labotlhano	Matlhatso	Tshipi
tn-BW	abbreviated	Mos	Labb	Labr	Labn	Labt	Mat	Tsh
to	wide	Mōnite	Tūsite	Pulelulu	Tuʻapulelulu	Falaite	Tokonaki	Sāpate
to	abbreviated	Mōn	Tūs	Pul	Tuʻa	Fal	Tok	Sāp
tok	wide	suno esun #1	suno esun #2	suno esun #3	suno esun #4	suno esun #5	suno esun #6	suno esun #7
tok	abbreviated	suno esun #1	suno esun #2	suno esun #3	suno esun #4	suno esun #5	suno esun #6	suno esun #7
tpi	wide	Mande	Tunde	Trinde	Fonde	Fraide	Sarere	Sande
tpi	abbreviated	Mande	Tunde	Trinde	Fonde	Fraide	Sarere	Sande
tr-CY	wide	Pazartesi	Salı	Çarşamba	Perşembe	Cuma	Cumartesi	Pazar
tr-CY	abbreviated	Pzt	Sal	Çar	Per	Cum	Cmt	Paz
trv	wide	Mon	Tue	Wed	Thu	Fri	Sat	Sun
trv	abbreviated	Mon	Tue	Wed	Thu	Fri	Sat	Sun
trw	wide	Mon	Tue	Wed	Thu	Fri	Sat	Sun
trw	abbreviated	Mon	Tue	Wed	Thu	Fri	Sat	Sun
ts	wide	Musumbhunuku	Ravumbirhi	Ravunharhu	Ravumune	Ravuntlhanu	Mugqivela	Sonta
ts	abbreviated	Mus	Bir	Har	Ne	Tlh	Mug	Son
tt	wide	дүшәмбе	сишәмбе	чәршәмбе	пәнҗешәмбе	җомга	шимбә	якшәмбе
tt	abbreviated	дүш.	сиш.	чәр.	пәнҗ.	җом.	шим.	якш.
twq	wide	Atinni	Atalaata	Alarba	Alhamiisa	Alzuma	Asibti	Alhadi
twq	abbreviated	Ati	Ata	Ala	Alm	Alz	Asi	Alh
tyv	wide	Mon	Tue	Wed	Thu	Fri	Sat	Sun
tyv	abbreviated	Mon	Tue	Wed	Thu	Fri	Sat	Sun
tzm	wide	Aynas	Asinas	Akras	Akwas	Asimwas	Asiḍyas	Asamas
tzm	abbreviated	Ayn	Asn	Akr	Akw	Asm	Asḍ	Asa
ug	wide	دۈشەنبە	سەيشەنبە	چارشەنبە	پەيشەنبە	جۈمە	شەنبە	يەكشەنبە
ug	abbreviated	دۈ	سە	چا	پە	جۈ	شە	يە
und	wide	Mon	Tue	Wed	Thu	Fri	Sat	Sun
und	abbreviated	Mon	Tue	Wed	Thu	Fri	Sat	Sun
ur	wide	پیر	منگل	بدھ	جمعرات	جمعہ	ہفتہ	اتوار
ur	abbreviated	پیر	منگل	بدھ	جمعرات	جمعہ	ہفتہ	اتوار
ur-IN	wide	پیر	منگل	بدھ	جمعرات	جمعہ	ہفتہ	اتوار
ur-IN	abbreviated	پیر	منگل	بدھ	جمعرات	جمعہ	ہفتہ	اتوار
uz	wide	dushanba	seshanba	chorshanba	payshanba	juma	shanba	yakshanba
uz	abbreviated	Dush	Sesh	Chor	Pay	Jum	Shan	Yak
uz-Arab	wide	دوشنبه	سه‌شنبه	چهارشنبه	پنجشنبه	جمعه	شنبه	یکشنبه
uz-Arab	abbreviated	د.	س.	چ.	پ.	ج.	ش.	ی.
uz-Cyrl	wide	душанба	сешанба	чоршанба	пайшанба	жума	шанба	якшанба
uz-Cyrl	abbreviated	душ	сеш	чор	пай	жум	шан	якш
uz-Latn	wide	dushanba	seshanba	chorshanba	payshanba	juma	shanba	yakshanba
uz-Latn	abbreviated	Dush	Sesh	Chor	Pay	Jum	Shan	Yak
vai	wide	ꗳꗡꘉ	ꕚꕞꕚ	ꕉꕞꕒ	ꕉꔤꕆꕢ	ꕉꔤꕀꕮ	ꔻꔬꔳ	ꕞꕌꔵ
vai	abbreviated	ꗳꗡꘉ	ꕚꕞꕚ	ꕉꕞꕒ	ꕉꔤꕆꕢ	ꕉꔤꕀꕮ	ꔻꔬꔳ	ꕞꕌꔵ
vai-Latn	wide	tɛɛnɛɛ	talata	alaba	aimisa	aijima	siɓiti	lahadi
vai-Latn	abbreviated	tɛɛnɛɛ	talata	alaba	aimisa	aijima	siɓiti	lahadi
vai-Vaii	wide	ꗳꗡꘉ	ꕚꕞꕚ	ꕉꕞꕒ	ꕉꔤꕆꕢ	ꕉꔤꕀꕮ	ꔻꔬꔳ	ꕞꕌꔵ
vai-Vaii	abbreviated	ꗳꗡꘉ	ꕚꕞꕚ	ꕉꕞꕒ	ꕉꔤꕆꕢ	ꕉꔤꕀꕮ	ꔻꔬꔳ	ꕞꕌꔵ
ve	wide	Mon	Tue	Wed	Thu	Fri	Sat	Sun
ve	abbreviated	Mon	Tue	Wed	Thu	Fri	Sat	Sun
vec	wide	luni	marti	mèrcore	zoba	vènare	sabo	doménega
vec	abbreviated	lun	mar	mer	zob	vèn	sab	dom
vi	wide	Thứ Hai	Thứ Ba	Thứ Tư	Thứ Năm	Thứ Sáu	Thứ Bảy	Chủ Nhật
vi	abbreviated	Th 2	Th 3	Th 4	Th 5	Th 6	Th 7	CN
vmw	wide	nihiku noolempwa	namaanli	namararu	namaxexe	namathanu	esaabadu	ettiminku
vmw	abbreviated	nihiku noolempwa	namaanli	namararu	namaxexe	namathanu	esaabadu	ettiminku
vo	wide	Mon	Tue	Wed	Thu	Fri	Sat	Sun
vo	abbreviated	Mon	Tue	Wed	Thu	Fri	Sat	Sun
vun	wide	Jumatatuu	Jumanne	Jumatanu	Alhamisi	Ijumaa	Jumamosi	Jumapilyi
vun	abbreviated	Jtt	Jnn	Jtn	Alh	Iju	Jmo	Jpi
wa	wide	Mon	Tue	Wed	Thu	Fri	Sat	Sun
wa	abbreviated	Mon	Tue	Wed	Thu	Fri	Sat	Sun
wae	wide	Mäntag	Zištag	Mittwuč	Fróntag	Fritag	Samštag	Sunntag
wae	abbreviated	Män	Ziš	Mit	Fró	Fri	Sam	Sun
wal	wide	Mon	Tue	Wed	Thu	Fri	Sat	Sun
wal	abbreviated	Mon	Tue	Wed	Thu	Fri	Sat	Sun
wbp	wide	Mon	Tue	Wed	Thu	Fri	Sat	Sun
wbp	abbreviated	Mon	Tue	Wed	Thu	Fri	Sat	Sun
wo	wide	Altine	Talaata	Àlarba	Alxamis	Àjjuma	Aseer	Dibéer
wo	abbreviated	Alt	Tal	Àla	Alx	Àjj	Ase	Dib
xh	wide	Mvulo	Lwesibini	Lwesithathu	Lwesine	Lwesihlanu	Mgqibelo	Cawe
xh	abbreviated	Mvu	Lwesb	Tha	Sin	Hla	Mgq	Caw
xnr	wide	सोआर	मंगलवार	बुधवार	वीरवार	शुक्करवार	शनिच्चरवार	तोआर
xnr	abbreviated	सोआर	मंगल	बुध	वीर	शुक्कर	शनि	तोआर
xog	wide	Balaza	Owokubili	Owokusatu	Olokuna	Olokutaanu	Olomukaaga	Sabiiti
xog	abbreviated	Bala	Kubi	Kusa	Kuna	Kuta	Muka	Sabi
yav	wide	móndie	muányáŋmóndie	metúkpíápɛ	kúpélimetúkpiapɛ	feléte	séselé	sɔ́ndiɛ
yav	abbreviated	md	mw	et	kl	fl	ss	sd
yi	wide	מאָנטיק	דינסטיק	מיטוואך	דאנערשטיק	פֿרײַטיק	שבת	זונטיק
yi	abbreviated	מאָנטיק	דינסטיק	מיטוואך	דאנערשטיק	פֿרײַטיק	שבת	זונטיק
yo	wide	Ọjọ́ Ajé	Ọjọ́ Ìsẹ́gun	Ọjọ́rú	Ọjọ́bọ	Ọjọ́ Ẹtì	Ọjọ́ Àbámẹ́ta	Ọjọ́ Àìkú
yo	abbreviated	Ajé	Ìsẹ́gun	Ọjọ́rú	Ọjọ́bọ	Ẹtì	Àbámẹ́ta	Àìkú
yo-BJ	wide	Ɔjɔ́ Ajé	Ɔjɔ́ Ìsɛ́gun	Ɔjɔ́rú	Ɔjɔ́bɔ	Ɔjɔ́ Ɛtì	Ɔjɔ́ Àbámɛ́ta	Ɔjɔ́ Àìkú
yo-BJ	abbreviated	Ajé	Ìsɛ́gun	Ɔjɔ́rú	Ɔjɔ́bɔ	Ɛtì	Àbámɛ́ta	Àìkú
yrl	wide	murakipí	murakí-mukũi	murakí-musapíri	supapá	yukuakú	saurú	mituú
yrl	abbreviated	mur	mmk	mms	sup	yuk	sau	mit
yrl-CO	wide	murakipí	murakí-mukũi	murakí-musapíri	supapá	yukuakú	saurú	mituú
yrl-CO	abbreviated	mur	mmk	mms	sup	yuk	sau	mit
yrl-VE	wide	murakipí	murakí-mukũi	murakí-musapíri	supapá	yukuakú	saurú	mituú
yrl-VE	abbreviated	mur	mmk	mms	sup	yuk	sau	mit
za	wide	singhgizit	singhgizngeih	singhgizsam	singhgizseiq	singhgizhaj	singhgizroek	ngoenzsinghgiz
za	abbreviated	singhgizit	singhgizngeih	singhgizsam	singhgizseiq	singhgizhaj	singhgizroek	ngoenzsinghgiz
zgh	wide	ⴰⵢⵏⴰⵙ	ⴰⵙⵉⵏⴰⵙ	ⴰⴽⵕⴰⵙ	ⴰⴽⵡⴰⵙ	ⴰⵙⵉⵎⵡⴰⵙ	ⴰⵙⵉⴹⵢⴰⵙ	ⴰⵙⴰⵎⴰⵙ
zgh	abbreviated	ⴰⵢⵏ	ⴰⵙⵉ	ⴰⴽⵕ	ⴰⴽⵡ	ⴰⵙⵉⵎ	ⴰⵙⵉⴹ	ⴰⵙⴰ
zu	wide	UMsombuluko	ULwesibili	ULwesithathu	ULwesine	ULwesihlanu	UMgqibelo	ISonto
zu	abbreviated	Mso	Bil	Tha	Sin	Hla	Mgq	Son
